{
  "patients": {
    "Patient_07": {
      "dice_score": {
        "1": 0.5736397748592871,
        "2": 0.7534155746934821,
        "3": 0.7638853293303555,
        "4": 0.7899748437561417
      },
      "dice_score_2d": {
        "1": 0.5806586033886495,
        "2": 0.7462635500889213,
        "3": 0.8569283794278035,
        "4": 0.8273359268021947
      },
      "hausdorff_distance": {
        "1": 37.100030073374775,
        "2": 370.11553256556135,
        "3": 66.5176978403234,
        "4": 57.103909194664595
      },
      "volumetric_similarity": {
        "1": 0.9181306498379669,
        "2": 0.9206444266904877,
        "3": 0.9179511587888551,
        "4": 0.8829841594276955
      },
      "false_positive_rate": {
        "1": 0.00017226599011770208,
        "2": 0.0027821483806026066,
        "3": 4.4852801058492e-05,
        "4": 0.000710617432835005
      },
      "false_negative_rate": {
        "1": 0.4697698250039414,
        "2": 0.18164325677629548,
        "3": 0.29403803207687623,
        "4": 0.10533520299145299
      },
      "average_surface_distance": {
        "1": 3.511062647330456,
        "2": 18.41948668392772,
        "3": 2.1407727378159365,
        "4": 2.9997733196706617
      },
      "recall": {
        "1": 0.5302301749960586,
        "2": 0.8183567432237046,
        "3": 0.7059619679231238,
        "4": 0.8946647970085471
      },
      "overall": {
        "dice_score": 0.7781438800626539,
        "dice_score_2d": 0.632343608814295,
        "false_positive_rate": 0.0034328711830601856,
        "false_negative_rate": 0.1584529196815333,
        "recall": 0.8415470803184667,
        "hausdorff_distance": 132.70929241848103,
        "volumetric_similarity": 0.9099275986862514,
        "average_surface_distance": 6.767773847186193
      }
    },
    "Patient_17": {
      "dice_score": {
        "1": 0.4828592268417214,
        "2": 0.921914857626163,
        "3": 0.728420879977037,
        "4": 0.6466713254134637
      },
      "dice_score_2d": {
        "1": 0.6621197271890228,
        "2": 0.9520941031510035,
        "3": 0.8718218326718019,
        "4": 0.704972269131268
      },
      "hausdorff_distance": {
        "1": 150.50897641255818,
        "2": 23.026670190474942,
        "3": 132.4322300494135,
        "4": 199.45771531356812
      },
      "volumetric_similarity": {
        "1": 0.9590080233406273,
        "2": 0.992207499295179,
        "3": 0.7905851478246606,
        "4": 0.9104309340787328
      },
      "false_positive_rate": {
        "1": 0.00017589690179629078,
        "2": 0.0003599469644722899,
        "3": 1.742482389606327e-05,
        "4": 0.0003256980077172065
      },
      "false_negative_rate": {
        "1": 0.4965013690295102,
        "2": 0.08521361591656783,
        "3": 0.39770800840848985,
        "4": 0.4064889086524483
      },
      "average_surface_distance": {
        "1": 3.6197517826326724,
        "2": 2.565296946641812,
        "3": 3.249235910861151,
        "4": 9.851518189983082
      },
      "recall": {
        "1": 0.5034986309704899,
        "2": 0.9147863840834322,
        "3": 0.6022919915915101,
        "4": 0.5935110913475516
      },
      "overall": {
        "dice_score": 0.873320973864204,
        "dice_score_2d": 0.7125577298927586,
        "false_positive_rate": 0.0006859444118166117,
        "false_negative_rate": 0.15071389603556085,
        "recall": 0.8492861039644392,
        "hausdorff_distance": 126.35639799150368,
        "volumetric_similarity": 0.9130579011348,
        "average_surface_distance": 4.82145070752968
      }
    },
    "Patient_18": {
      "dice_score": {
        "1": 0.3910164462696245,
        "2": 0.7619965580873288,
        "3": 0.8005918231777281,
        "4": 0.7280491255278794
      },
      "dice_score_2d": {
        "1": 0.6052908141497791,
        "2": 0.9041000436208638,
        "3": 0.906555585315914,
        "4": 0.8343774925945918
      },
      "hausdorff_distance": {
        "1": 88.21626164568575,
        "2": 126.44524376001218,
        "3": 94.46765248784145,
        "4": 93.60016255947542
      },
      "volumetric_similarity": {
        "1": 0.8759161377792624,
        "2": 0.8071611682604038,
        "3": 0.9986110272359443,
        "4": 0.9828878014020895
      },
      "false_positive_rate": {
        "1": 0.0003890297286992094,
        "2": 0.0006154424709790658,
        "3": 6.837550517904311e-05,
        "4": 0.0005079655914355819
      },
      "false_negative_rate": {
        "1": 0.5535914576697025,
        "2": 0.36119068409597416,
        "3": 0.2005186346640936,
        "4": 0.2841997898250603
      },
      "average_surface_distance": {
        "1": 4.695142305500337,
        "2": 9.935265260672015,
        "3": 2.4071894873180475,
        "4": 3.957945703648391
      },
      "recall": {
        "1": 0.4464085423302975,
        "2": 0.6388093159040259,
        "3": 0.7994813653359064,
        "4": 0.7158002101749398
      },
      "overall": {
        "dice_score": 0.767362874616601,
        "dice_score_2d": 0.7634531266167589,
        "false_positive_rate": 0.0012550476555451026,
        "false_negative_rate": 0.3367462963188493,
        "recall": 0.6632537036811508,
        "hausdorff_distance": 100.6823301132537,
        "volumetric_similarity": 0.916144033669425,
        "average_surface_distance": 5.248885689284697
      }
    },
    "Patient_34": {
      "dice_score": {
        "1": 0.33916822926263535,
        "2": 0.8886613383667089,
        "3": 0.7759533615018452,
        "4": 0.722893364645942
      },
      "dice_score_2d": {
        "1": 0.6873073941662421,
        "2": 0.841400330134762,
        "3": 0.9151993574266695,
        "4": 0.8413180453409028
      },
      "hausdorff_distance": {
        "1": 79.81784153621956,
        "2": 241.91073917704404,
        "3": 46.75648547960991,
        "4": 228.6669910520004
      },
      "volumetric_similarity": {
        "1": 0.463554481308462,
        "2": 0.9332137906626949,
        "3": 0.9426111140824731,
        "4": 0.8689646937069617
      },
      "false_positive_rate": {
        "1": 0.00011416458374663613,
        "2": 0.0015118516323565968,
        "3": 6.193368492426381e-05,
        "4": 0.0008163111120770577
      },
      "false_negative_rate": {
        "1": 0.7792513791497947,
        "2": 0.047740885038088036,
        "3": 0.2661608497723824,
        "4": 0.16809811735605332
      },
      "average_surface_distance": {
        "1": 6.054875804581686,
        "2": 9.942673458633449,
        "3": 2.306991476905724,
        "4": 4.54009276500479
      },
      "recall": {
        "1": 0.22074862085020527,
        "2": 0.952259114961912,
        "3": 0.7338391502276176,
        "4": 0.8319018826439467
      },
      "overall": {
        "dice_score": 0.8721087927326672,
        "dice_score_2d": 0.7635487301403989,
        "false_positive_rate": 0.0018289065673789374,
        "false_negative_rate": 0.10408507729702773,
        "recall": 0.8959149227029722,
        "hausdorff_distance": 149.2880143112185,
        "volumetric_similarity": 0.8020860199401479,
        "average_surface_distance": 5.7111583762814115
      }
    },
    "Patient_39": {
      "dice_score": {
        "1": 0.4934854519678661,
        "2": 0.932120390632288,
        "3": 0.8450888393200523,
        "4": 0.7820168574013181
      },
      "dice_score_2d": {
        "1": 0.7188344575885222,
        "2": 0.9719537798744347,
        "3": 0.9263291514793874,
        "4": 0.8284921295182232
      },
      "hausdorff_distance": {
        "1": 504.55057425635925,
        "2": 21.32758412775724,
        "3": 504.10546861378936,
        "4": 72.26407261846131
      },
      "volumetric_similarity": {
        "1": 0.9978622381241702,
        "2": 0.9832388672158177,
        "3": 0.9490039227751711,
        "4": 0.9550517161332319
      },
      "false_positive_rate": {
        "1": 0.00018757563719353572,
        "2": 0.0003833840047256997,