{
  "patients": {
    "Patient_07": {
      "dice_score": {
        "1": 0.6621868787276342,
        "2": 0.8946732310990648,
        "3": 0.8238113168794715,
        "4": 0.8246095353308418
      },
      "dice_score_2d": {
        "1": 0.7176037131700208,
        "2": 0.8591800492413227,
        "3": 0.9059218394799627,
        "4": 0.8582445492086462
      },
      "hausdorff_distance": {
        "1": 119.39192707623312,
        "2": 248.56580486982907,
        "3": 241.45315002547918,
        "4": 88.37145971736648
      },
      "volumetric_similarity": {
        "1": 0.9911729622266402,
        "2": 0.9707903985226047,
        "3": 0.9883271146407422,
        "4": 0.9705558315871335
      },
      "false_positive_rate": {
        "1": 0.00017642391412722703,
        "2": 0.0010890524391078164,
        "3": 5.122684455492218e-05,
        "4": 0.00040492019459400364
      },
      "false_negative_rate": {
        "1": 0.3436071259656314,
        "2": 0.07840741682177597,
        "3": 0.18569398389388916,
        "4": 0.15037393162393162
      },
      "average_surface_distance": {
        "1": 2.542168777515915,
        "2": 5.623733907735725,
        "3": 1.9482257913641785,
        "4": 2.196422859634553
      },
      "recall": {
        "1": 0.6563928740343686,
        "2": 0.921592583178224,
        "3": 0.8143060161061109,
        "4": 0.8496260683760684
      },
      "overall": {
        "dice_score": 0.8765754549132199,
        "dice_score_2d": 0.7716885709211199,
        "false_positive_rate": 0.0016410821941117302,
        "false_negative_rate": 0.09983947599803177,
        "recall": 0.9001605240019682,
        "hausdorff_distance": 174.44558542222697,
        "volumetric_similarity": 0.9802115767442802,
        "average_surface_distance": 3.0776378340625934
      }
    },
    "Patient_17": {
      "dice_score": {
        "1": 0.4956382848015727,
        "2": 0.9233641349427976,
        "3": 0.773531089560753,
        "4": 0.7552308203254733
      },
      "dice_score_2d": {
        "1": 0.679877585043084,
        "2": 0.9593167776379359,
        "3": 0.8794997664916596,
        "4": 0.788999456201673
      },
      "hausdorff_distance": {
        "1": 55.455565386652246,
        "2": 25.062236558274705,
        "3": 112.26353263597782,
        "4": 85.63559275430315
      },
      "volumetric_similarity": {
        "1": 0.8077159356186264,
        "2": 0.9990140205825998,
        "3": 0.8783418900931736,
        "4": 0.8903733927978366
      },
      "false_positive_rate": {
        "1": 0.0002606731398810687,
        "2": 0.0004009702468250324,
        "3": 3.1677318375692856e-05,
        "4": 0.00016386148883384396
      },
      "false_negative_rate": {
        "1": 0.38637055065409187,
        "2": 0.07572454848600138,
        "3": 0.31036821048348817,
        "4": 0.3193829208640476
      },
      "average_surface_distance": {
        "1": 4.106091169657261,
        "2": 2.5865280016689587,
        "3": 1.9957002472101646,
        "4": 4.452407789197762
      },
      "recall": {
        "1": 0.6136294493459081,
        "2": 0.9242754515139986,
        "3": 0.6896317895165118,
        "4": 0.6806170791359524
      },
      "overall": {
        "dice_score": 0.8835450779794835,
        "dice_score_2d": 0.7532130267638563,
        "false_positive_rate": 0.0007309380325127514,
        "false_negative_rate": 0.1279363675394394,
        "recall": 0.8720636324605606,
        "hausdorff_distance": 69.60423183380199,
        "volumetric_similarity": 0.893861309773059,
        "average_surface_distance": 3.2851818019335366
      }
    },
    "Patient_18": {
      "dice_score": {
        "1": 0.473654556457503,
        "2": 0.8459521839968535,
        "3": 0.7808856323669958,
        "4": 0.755883286106583
      },
      "dice_score_2d": {
        "1": 0.6692292013805428,
        "2": 0.9221020619516892,
        "3": 0.90472562609602,
        "4": 0.8501419050413634
      },
      "hausdorff_distance": {
        "1": 188.28656102640272,
        "2": 86.86510094626738,
        "3": 117.72566484210273,
        "4": 81.03495634591953
      },
      "volumetric_similarity": {
        "1": 0.9302393522672733,
        "2": 0.9260365009580837,
        "3": 0.9434851863650845,
        "4": 0.9380873713116638
      },
      "false_positive_rate": {
        "1": 0.0002978723927849688,
        "2": 0.0012120734000942526,
        "3": 5.321570271940165e-05,
        "4": 0.0003478621226106411
      },
      "false_negative_rate": {
        "1": 0.49082507066265874,
        "2": 0.21230825372414602,
        "3": 0.2608852973103365,
        "4": 0.28818693206404156
      },
      "average_surface_distance": {
        "1": 4.456114997473683,
        "2": 6.647740267692834,
        "3": 2.936645053293105,
        "4": 3.524920178623451
      },
      "recall": {
        "1": 0.5091749293373413,
        "2": 0.787691746275854,
        "3": 0.7391147026896635,
        "4": 0.7118130679359584
      },
      "overall": {
        "dice_score": 0.8379401434999536,
        "dice_score_2d": 0.7902771683165563,
        "false_positive_rate": 0.001684862279903246,
        "false_negative_rate": 0.21560566991761723,
        "recall": 0.7843943300823828,
        "hausdorff_distance": 118.47807079017309,
        "volumetric_similarity": 0.9344621027255262,
        "average_surface_distance": 4.391355124270768
      }
    },
    "Patient_34": {
      "dice_score": {
        "1": 0.3711064559933472,
        "2": 0.8775740812188669,
        "3": 0.7764717854780441,
        "4": 0.7450588662635413
      },
      "dice_score_2d": {
        "1": 0.7144453214756391,
        "2": 0.9170964877401439,
        "3": 0.9188884290604222,
        "4": 0.8475465940471137
      },
      "hausdorff_distance": {
        "1": 66.79871767692693,
        "2": 89.31900772637431,
        "3": 55.234479195904065,
        "4": 72.36723448113608
      },
      "volumetric_similarity": {
        "1": 0.507805509647673,
        "2": 0.9056575692041027,
        "3": 0.9940467104258891,
        "4": 0.9329287835730006
      },
      "false_positive_rate": {
        "1": 0.00012918623950277245,
        "2": 0.0018958222162127664,
        "3": 8.498987058284725e-05,
        "4": 0.000599888656079839
      },
      "false_negative_rate": {
        "1": 0.7513015505735288,
        "2": 0.031008947465558958,
        "3": 0.22812341932220537,
        "4": 0.20137648298291422
      },
      "average_surface_distance": {
        "1": 5.688685425223769,
        "2": 7.259633539492632,
        "3": 2.7482693165876824,
        "4": 4.363580189714233
      },
      "recall": {
        "1": 0.2486984494264712,
        "2": 0.9689910525344411,
        "3": 0.7718765806777946,
        "4": 0.7986235170170858
      },
      "overall": {
        "dice_score": 0.858562613077774,
        "dice_score_2d": 0.8101806877129687,
        "false_positive_rate": 0.002180386704922647,
        "false_negative_rate": 0.10553058228218908,
        "recall": 0.894469417717811,
        "hausdorff_distance": 70.92985977008534,
        "volumetric_similarity": 0.8351096432126663,
        "average_surface_distance": 5.015042117754579
      }
    },
    "Patient_39": {
      "dice_score": {
        "1": 0.5717160669364542,
        "2": 0.9372656564549404,
        "3": 0.8435505843550585,
        "4": 0.8308886397263991
      },
      "dice_score_2d": {
        "1": 0.7762648585801529,
        "2": 0.9723421015970597,
        "3": 0.9343660177726695,
        "4": 0.8546714943910945
      },
      "hausdorff_distance": {
        "1": 39.11525656183834,
        "2": 21.874534035215756,
        "3": 394.5808922976457,
        "4": 359.87874544877087
      },
      "volumetric_similarity": {
        "1": 0.9741660286558023,
        "2": 0.98176040770215,
        "3": 0.8846346884634688,
        "4": 0.9784098996011693
      },
      "false_positive_rate": {
        "1": 0.0001737338372507273,
        "2": 0.0006289480262214361,