{
  "patients": {
    "Patient_07": {
      "dice_score": {
        "1": 0.5315172480061497,
        "2": 0.8614315301336674,
        "3": 0.6910429251510182,
        "4": 0.8140919616275223
      },
      "dice_score_2d": {
        "1": 0.5677905600436786,
        "2": 0.8799390006202151,
        "3": 0.8309564555129483,
        "4": 0.8444497959455258
      },
      "hausdorff_distance": {
        "1": 40.15851312932057,
        "2": 39.265990286303264,
        "3": 126.96910812849445,
        "4": 347.5705389428391
      },
      "volumetric_similarity": {
        "1": 0.7810127798597098,
        "2": 0.9898799144507138,
        "3": 0.817698123774853,
        "4": 0.9288785974197816
      },
      "false_positive_rate": {
        "1": 0.00011072871477673312,
        "2": 0.001180401051121179,
        "3": 3.374619014999659e-05,
        "4": 0.0005308972642050889
      },
      "false_negative_rate": {
        "1": 0.5639681538704083,
        "2": 0.12976158263431647,
        "3": 0.41551059078297353,
        "4": 0.12357549857549857
      },
      "average_surface_distance": {
        "1": 3.3152548636500025,
        "2": 4.898887087879376,
        "3": 2.144063187256906,
        "4": 2.603900863694438
      },
      "recall": {
        "1": 0.43603184612959167,
        "2": 0.8702384173656835,
        "3": 0.5844894092170264,
        "4": 0.8764245014245015
      },
      "overall": {
        "dice_score": 0.8474142416843453,
        "dice_score_2d": 0.6804047297582688,
        "false_positive_rate": 0.0017236403111060374,
        "false_negative_rate": 0.1461191910880946,
        "recall": 0.8538808089119054,
        "hausdorff_distance": 138.49103762173934,
        "volumetric_similarity": 0.8793673538762646,
        "average_surface_distance": 3.2405265006201804
      }
    },
    "Patient_17": {
      "dice_score": {
        "1": 0.4476762080640197,
        "2": 0.9255851421887242,
        "3": 0.7487831368920713,
        "4": 0.7814435434586302
      },
      "dice_score_2d": {
        "1": 0.6614867808791289,
        "2": 0.9447589532978135,
        "3": 0.8614723582574909,
        "4": 0.7989735288208535
      },
      "hausdorff_distance": {
        "1": 59.15658682177318,
        "2": 26.020372440146353,
        "3": 129.09476926449355,
        "4": 118.07161229616871
      },
      "volumetric_similarity": {
        "1": 0.9883040935672515,
        "2": 0.9861728776525894,
        "3": 0.8135484130495998,
        "4": 0.9333686025193144
      },
      "false_positive_rate": {
        "1": 0.0001615070088892759,
        "2": 0.0004617660121135562,
        "3": 1.850525492919648e-05,
        "4": 0.00019163579258646996
      },
      "false_negative_rate": {
        "1": 0.5574992394280499,
        "2": 0.06143723563771457,
        "3": 0.3688885875093239,
        "4": 0.2673724537789256
      },
      "average_surface_distance": {
        "1": 3.7102897000239974,
        "2": 2.4892859017198643,
        "3": 5.402149954006296,
        "4": 4.900750881543347
      },
      "recall": {
        "1": 0.4425007605719501,
        "2": 0.9385627643622855,
        "3": 0.631111412490676,
        "4": 0.7326275462210744
      },
      "overall": {
        "dice_score": 0.8879541183775846,
        "dice_score_2d": 0.7337803576440448,
        "false_positive_rate": 0.0007264016386565562,
        "false_negative_rate": 0.12061501909425752,
        "recall": 0.8793849809057425,
        "hausdorff_distance": 83.08583520564545,
        "volumetric_similarity": 0.9303484966971887,
        "average_surface_distance": 4.125619109323376
      }
    },
    "Patient_18": {
      "dice_score": {
        "1": 0.32462232404954533,
        "2": 0.7929701778694103,
        "3": 0.7811207938426309,
        "4": 0.6499455243993348
      },
      "dice_score_2d": {
        "1": 0.5403295344973302,
        "2": 0.889184841020459,
        "3": 0.8867737689050166,
        "4": 0.7749553514059658
      },
      "hausdorff_distance": {
        "1": 93.38203091231945,
        "2": 103.64953302505033,
        "3": 88.76934707421307,
        "4": 92.680559714466
      },
      "volumetric_similarity": {
        "1": 0.9361113099926016,
        "2": 0.8914188953920972,
        "3": 0.945232491571783,
        "4": 0.8868398417340444
      },
      "false_positive_rate": {
        "1": 0.000267173788697629,
        "2": 0.0014434892596899883,
        "3": 5.379957406585276e-05,
        "4": 0.0004314543055509429
      },
      "false_negative_rate": {
        "1": 0.6948719099107183,
        "2": 0.28469809328936907,
        "3": 0.25943794475937765,
        "4": 0.4161257752776576
      },
      "average_surface_distance": {
        "1": 5.246746657077537,
        "2": 9.028683168668538,
        "3": 2.4773715706433834,
        "4": 4.888716866630698
      },
      "recall": {
        "1": 0.3051280900892817,
        "2": 0.7153019067106309,
        "3": 0.7405620552406224,
        "4": 0.5838742247223424
      },
      "overall": {
        "dice_score": 0.7897564164859587,
        "dice_score_2d": 0.6955364302752884,
        "false_positive_rate": 0.0017918326043381853,
        "false_negative_rate": 0.28650621164430046,
        "recall": 0.7134937883556995,
        "hausdorff_distance": 94.62036768151222,
        "volumetric_similarity": 0.9149006346726316,
        "average_surface_distance": 5.410379565755039
      }
    },
    "Patient_34": {
      "dice_score": {
        "1": 0.3721322426273312,
        "2": 0.8540420140911689,
        "3": 0.7169600447052249,
        "4": 0.7078486216176127
      },
      "dice_score_2d": {
        "1": 0.7087450505998518,
        "2": 0.8683665241661597,
        "3": 0.8961831648525699,
        "4": 0.8234771062615862
      },
      "hausdorff_distance": {
        "1": 84.77394944508505,
        "2": 125.70115629466197,
        "3": 422.44322138124204,
        "4": 83.4648078037882
      },
      "volumetric_similarity": {
        "1": 0.4476712988819168,
        "2": 0.8845411983867054,
        "3": 0.8952221290863369,
        "4": 0.9251795817176277
      },
      "false_positive_rate": {
        "1": 6.86221068912771e-05,
        "2": 0.0023408908626195344,
        "3": 6.340451056110448e-05,
        "4": 0.000689371400439182
      },
      "false_negative_rate": {
        "1": 0.7602748423324915,
        "2": 0.03448023037385186,
        "3": 0.35103692463328273,
        "4": 0.23490678393110714
      },
      "average_surface_distance": {
        "1": 6.014068082733054,
        "2": 11.832175007688914,
        "3": 5.617077266542794,
        "4": 5.133245652758415
      },
      "recall": {
        "1": 0.2397251576675085,
        "2": 0.9655197696261482,
        "3": 0.6489630753667173,
        "4": 0.7650932160688929
      },
      "overall": {
        "dice_score": 0.8397435791498581,
        "dice_score_2d": 0.736401058279453,
        "false_positive_rate": 0.0025838583294482075,
        "false_negative_rate": 0.11399088407712615,
        "recall": 0.8860091159228739,
        "hausdorff_distance": 179.0957837311943,
        "volumetric_similarity": 0.7881535520181467,
        "average_surface_distance": 7.149141502430794
      }
    },
    "Patient_39": {
      "dice_score": {
        "1": 0.4922809083693899,
        "2": 0.9319078496225254,
        "3": 0.8681160518142566,
        "4": 0.8043133978771276
      },
      "dice_score_2d": {
        "1": 0.7356463856779485,
        "2": 0.9608381024940353,
        "3": 0.9325625141024756,
        "4": 0.8355766506795185
      },
      "hausdorff_distance": {
        "1": 35.221345983517224,
        "2": 27.818387280689684,
        "3": 250.89580911456054,
        "4": 39.640317056352174
      },
      "volumetric_similarity": {
        "1": 0.8598274405386723,
        "2": 0.9617868727494251,
        "3": 0.9346261646844936,
        "4": 0.977320834593287
      },
      "false_positive_rate": {
        "1": 0.00012014079805257423,
        "2": 0.0008428513836797572,