{
  "patients": {
    "Patient_07": {
      "dice_score": {
        "1": 0.5612346348517715,
        "2": 0.8634142013853345,
        "3": 0.8338773899630519,
        "4": 0.8163042336379872
      },
      "dice_score_2d": {
        "1": 0.6509700165913112,
        "2": 0.8420334056529606,
        "3": 0.9253982586128635,
        "4": 0.8561254837176264
      },
      "hausdorff_distance": {
        "1": 31.968286057850563,
        "2": 350.65018814105804,
        "3": 59.97979090812849,
        "4": 419.70373941845685
      },
      "volumetric_similarity": {
        "1": 0.8533984092552422,
        "2": 0.9987265840925377,
        "3": 0.9398428812282527,
        "4": 0.9439647021745982
      },
      "false_positive_rate": {
        "1": 0.00013785117293117267,
        "2": 0.0010847352345428774,
        "3": 3.148649580009158e-05,
        "4": 0.0004872536828008418
      },
      "false_negative_rate": {
        "1": 0.5105234116348731,
        "2": 0.1354849113485354,
        "3": 0.2134398051025242,
        "4": 0.135238603988604
      },
      "average_surface_distance": {
        "1": 3.125328502537179,
        "2": 11.983468954811322,
        "3": 1.4002166164828953,
        "4": 2.7911382790948043
      },
      "recall": {
        "1": 0.4894765883651269,
        "2": 0.8645150886514645,
        "3": 0.7865601948974759,
        "4": 0.864761396011396
      },
      "overall": {
        "dice_score": 0.8516079373947435,
        "dice_score_2d": 0.7551495542990853,
        "false_positive_rate": 0.0016274050732425977,
        "false_negative_rate": 0.1454416023360679,
        "recall": 0.8545583976639322,
        "hausdorff_distance": 215.57550113137347,
        "volumetric_similarity": 0.9339831441876577,
        "average_surface_distance": 4.825038088231549
      }
    },
    "Patient_17": {
      "dice_score": {
        "1": 0.5236129458388376,
        "2": 0.8982920832650385,
        "3": 0.8362571083922109,
        "4": 0.7426370961991015
      },
      "dice_score_2d": {
        "1": 0.6974337054629597,
        "2": 0.9213742640098479,
        "3": 0.9093445348097283,
        "4": 0.8014249693411432
      },
      "hausdorff_distance": {
        "1": 44.33870286341766,
        "2": 116.085902952586,
        "3": 82.82710084091514,
        "4": 73.31910747915978
      },
      "volumetric_similarity": {
        "1": 0.9144649933949802,
        "2": 0.9765175107905808,
        "3": 0.9834912976046872,
        "4": 0.8087122176831939
      },
      "false_positive_rate": {
        "1": 0.00010882069172812867,
        "2": 0.000661592822718047,
        "3": 4.910214227175613e-05,
        "4": 7.462474487967364e-05
      },
      "false_negative_rate": {
        "1": 0.5176452692424703,
        "2": 0.08010652820983372,
        "3": 0.17732420153251507,
        "4": 0.3766098274299201
      },
      "average_surface_distance": {
        "1": 2.838085462113613,
        "2": 4.17405397406355,
        "3": 1.654432757163896,
        "4": 3.6487254340359927
      },
      "recall": {
        "1": 0.48235473075752966,
        "2": 0.9198934717901662,
        "3": 0.822675798467485,
        "4": 0.6233901725700799
      },
      "overall": {
        "dice_score": 0.8638285643909849,
        "dice_score_2d": 0.7564227290986798,
        "false_positive_rate": 0.0008371729702675257,
        "false_negative_rate": 0.15092695114904497,
        "recall": 0.849073048850955,
        "hausdorff_distance": 79.14270353401965,
        "volumetric_similarity": 0.9207965048683606,
        "average_surface_distance": 3.078824406844263
      }
    },
    "Patient_18": {
      "dice_score": {
        "1": 0.36923147955767943,
        "2": 0.8309985310451077,
        "3": 0.8233221986030975,
        "4": 0.7576564160292896
      },
      "dice_score_2d": {
        "1": 0.6110541433600511,
        "2": 0.9212692583137054,
        "3": 0.9223232464146738,
        "4": 0.8253507168361515
      },
      "hausdorff_distance": {
        "1": 91.26144340487569,
        "2": 184.14692645707547,
        "3": 124.4620484989246,
        "4": 51.17136223732827
      },
      "volumetric_similarity": {
        "1": 0.9708890274026364,
        "2": 0.9003761957651105,
        "3": 0.9928940176131188,
        "4": 0.9788429369496375
      },
      "false_positive_rate": {
        "1": 0.0002717618952867695,
        "2": 0.00102552560994412,
        "3": 5.822031426041121e-05,
        "4": 0.00043914094306269475
      },
      "false_negative_rate": {
        "1": 0.6412131544708152,
        "2": 0.24428833948050932,
        "3": 0.18248703413339765,
        "4": 0.25804125198326844
      },
      "average_surface_distance": {
        "1": 4.151860734342399,
        "2": 7.1419105761851265,
        "3": 2.403387434660623,
        "4": 3.315063590065492
      },
      "recall": {
        "1": 0.3587868455291848,
        "2": 0.7557116605194907,
        "3": 0.8175129658666024,
        "4": 0.7419587480167316
      },
      "overall": {
        "dice_score": 0.8222978652734011,
        "dice_score_2d": 0.7791593707747413,
        "false_positive_rate": 0.0016016442539227781,
        "false_negative_rate": 0.2435002208756863,
        "recall": 0.7564997791243137,
        "hausdorff_distance": 112.760445149551,
        "volumetric_similarity": 0.9607505444326259,
        "average_surface_distance": 4.25305558381341
      }
    },
    "Patient_34": {
      "dice_score": {
        "1": 0.3533868800067727,
        "2": 0.8960160919513251,
        "3": 0.7488458848216367,
        "4": 0.7196963234666894
      },
      "dice_score_2d": {
        "1": 0.7197045213022939,
        "2": 0.9302960267593082,
        "3": 0.9138337617286755,
        "4": 0.8238175846901354
      },
      "hausdorff_distance": {
        "1": 54.864022439043964,
        "2": 89.68357662016751,
        "3": 74.64226580178693,
        "4": 105.2505435325057
      },
      "volumetric_similarity": {
        "1": 0.49991005005449907,
        "2": 0.9283642939879333,
        "3": 0.9218932152016788,
        "4": 0.9311183144246353
      },
      "false_positive_rate": {
        "1": 0.0001377416196022938,
        "2": 0.0014983744130525807,
        "3": 0.000140344592185567,
        "4": 0.0006517751139412285
      },
      "false_negative_rate": {
        "1": 0.7644228734286158,
        "2": 0.03484429791849438,
        "3": 0.18770864946889226,
        "4": 0.2270624341532683
      },
      "average_surface_distance": {
        "1": 5.549247548261219,
        "2": 6.525274717405423,
        "3": 3.15340555568066,
        "4": 5.682535059983116
      },
      "recall": {
        "1": 0.23557712657138422,
        "2": 0.9651557020815056,
        "3": 0.8122913505311078,
        "4": 0.7729375658467317
      },
      "overall": {
        "dice_score": 0.8706928630534774,
        "dice_score_2d": 0.7886246504574633,
        "false_positive_rate": 0.0018314187188566069,
        "false_negative_rate": 0.10649308982357515,
        "recall": 0.8935069101764248,
        "hausdorff_distance": 81.11010209837602,
        "volumetric_similarity": 0.8203214684171867,
        "average_surface_distance": 5.227615720332604
      }
    },
    "Patient_39": {
      "dice_score": {
        "1": 0.5137041991239804,
        "2": 0.9354815575692246,
        "3": 0.8612977159566901,
        "4": 0.8300757541976942
      },
      "dice_score_2d": {
        "1": 0.7584899454287448,
        "2": 0.9717395513652015,
        "3": 0.9425475893191102,
        "4": 0.8348541225991221
      },
      "hausdorff_distance": {
        "1": 36.457556725359595,
        "2": 20.907984092880046,
        "3": 45.665020172806365,
        "4": 54.8346647122198
      },
      "volumetric_similarity": {
        "1": 0.8319563563878616,
        "2": 0.998112231219128,
        "3": 0.9751047182486366,
        "4": 0.9886096206344723
      },
      "false_positive_rate": {
        "1": 0.00010154558676302144,
        "2": 0.0005073461254217143,