{
  "patients": {
    "Patient_07": {
      "dice_score": {
        "1": 0.44243634548177735,
        "2": 0.8725477813346109,
        "3": 0.7297436916352076,
        "4": 0.8015835089167409
      },
      "dice_score_2d": {
        "1": 0.5393787536841484,
        "2": 0.8781668091440603,
        "3": 0.824908612672607,
        "4": 0.8409901540135646
      },
      "hausdorff_distance": {
        "1": 36.860414885712764,
        "2": 47.191847119712456,
        "3": 158.89621788022717,
        "4": 25.141326610004842
      },
      "volumetric_similarity": {
        "1": 0.7333000499251123,
        "2": 0.937679928572984,
        "3": 0.8255910987482615,
        "4": 0.975910680539566
      },
      "false_positive_rate": {
        "1": 0.0001242259757922679,
        "2": 0.0004818086208990718,
        "3": 2.5709352697975925e-05,
        "4": 0.0004374393601902211
      },
      "false_negative_rate": {
        "1": 0.6507173261863471,
        "2": 0.17863946582265333,
        "3": 0.3786289503958855,
        "4": 0.17863025284900286
      },
      "average_surface_distance": {
        "1": 4.161484159955245,
        "2": 5.109394239414478,
        "3": 5.330436623523832,
        "4": 2.3649845512886456
      },
      "recall": {
        "1": 0.34928267381365286,
        "2": 0.8213605341773467,
        "3": 0.6213710496041145,
        "4": 0.8213697471509972
      },
      "overall": {
        "dice_score": 0.8464572132664242,
        "dice_score_2d": 0.7276774010906736,
        "false_positive_rate": 0.0009745002466189511,
        "false_negative_rate": 0.19925949229242795,
        "recall": 0.8007405077075721,
        "hausdorff_distance": 67.02245162391431,
        "volumetric_similarity": 0.868120439446481,
        "average_surface_distance": 4.24157489354555
      }
    },
    "Patient_17": {
      "dice_score": {
        "1": 0.49059689288634506,
        "2": 0.9040806213304895,
        "3": 0.7892043153282522,
        "4": 0.6980949305779787
      },
      "dice_score_2d": {
        "1": 0.6570089644227414,
        "2": 0.9337011419881628,
        "3": 0.895476729069788,
        "4": 0.7724755827485147
      },
      "hausdorff_distance": {
        "1": 44.33870286341766,
        "2": 37.12939003213437,
        "3": 31.546732096375248,
        "4": 84.43649138332704
      },
      "volumetric_similarity": {
        "1": 0.9249386753883893,
        "2": 0.9796048860582006,
        "3": 0.9140248168194706,
        "4": 0.9795006501496654
      },
      "false_positive_rate": {
        "1": 0.00012210720626527663,
        "2": 0.0003819600208248595,
        "3": 3.8964480875761535e-05,
        "4": 0.00037100671035922853
      },
      "false_negative_rate": {
        "1": 0.543656829936112,
        "2": 0.11398966049728085,
        "3": 0.2732759205262087,
        "4": 0.315928098650567
      },
      "average_surface_distance": {
        "1": 2.8878643354116234,
        "2": 3.4943866960596335,
        "3": 1.606999126514683,
        "4": 5.770218825517468
      },
      "recall": {
        "1": 0.456343170063888,
        "2": 0.8860103395027191,
        "3": 0.7267240794737913,
        "4": 0.6840719013494331
      },
      "overall": {
        "dice_score": 0.8665352329968036,
        "dice_score_2d": 0.7391080803398629,
        "false_positive_rate": 0.0007542449131922846,
        "false_negative_rate": 0.15507506964642537,
        "recall": 0.8449249303535746,
        "hausdorff_distance": 49.36282909381357,
        "volumetric_similarity": 0.9495172571039315,
        "average_surface_distance": 3.4398672458758517
      }
    },
    "Patient_18": {
      "dice_score": {
        "1": 0.3791353858162867,
        "2": 0.7903958315874283,
        "3": 0.7806322984904586,
        "4": 0.5902451967725206
      },
      "dice_score_2d": {
        "1": 0.570805989036965,
        "2": 0.8767909473048997,
        "3": 0.8501218153992225,
        "4": 0.6970216045514567
      },
      "hausdorff_distance": {
        "1": 79.97099391536634,
        "2": 109.65367818375881,
        "3": 515.4699373820707,
        "4": 72.81672473140407
      },
      "volumetric_similarity": {
        "1": 0.9765594508345387,
        "2": 0.8719027644843956,
        "3": 0.9445741953859299,
        "4": 0.8293512476933653
      },
      "false_positive_rate": {
        "1": 0.0002713447946877567,
        "2": 0.0011744079480289634,
        "3": 0.00010059269197429214,
        "4": 0.00041409670834369883
      },
      "false_negative_rate": {
        "1": 0.6295482076360537,
        "2": 0.2993548723429212,
        "3": 0.17356169340248462,
        "4": 0.4957965012054151
      },
      "average_surface_distance": {
        "1": 5.650196096744275,
        "2": 9.10760147651807,
        "3": 5.268903953835427,
        "4": 4.985665430387936
      },
      "recall": {
        "1": 0.3704517923639463,
        "2": 0.7006451276570788,
        "3": 0.8264383065975154,
        "4": 0.5042034987945849
      },
      "overall": {
        "dice_score": 0.7802574620564686,
        "dice_score_2d": 0.6754439237508163,
        "false_positive_rate": 0.0016042361863122642,
        "false_negative_rate": 0.3068312033683819,
        "recall": 0.6931687966316181,
        "hausdorff_distance": 194.47783355315,
        "volumetric_similarity": 0.9055969145995574,
        "average_surface_distance": 6.253091739371427
      }
    },
    "Patient_34": {
      "dice_score": {
        "1": 0.41476746244104573,
        "2": 0.8608051474685346,
        "3": 0.6296730930427493,
        "4": 0.6804632618188722
      },
      "dice_score_2d": {
        "1": 0.7264148390660626,
        "2": 0.8552338431759767,
        "3": 0.8636573198860383,
        "4": 0.8253875603357402
      },
      "hausdorff_distance": {
        "1": 64.43670930467673,
        "2": 94.25152854311033,
        "3": 468.41024335213194,
        "4": 81.88613463265888
      },
      "volumetric_similarity": {
        "1": 0.5241491322137659,
        "2": 0.8904755847579638,
        "3": 0.8952221290863369,
        "4": 0.9637839377254603
      },
      "false_positive_rate": {
        "1": 0.00010451491084368762,
        "2": 0.002212346626791186,
        "3": 9.445085711171425e-05,
        "4": 0.0004751979546983257
      },
      "false_negative_rate": {
        "1": 0.7189638387629274,
        "2": 0.033319765075303834,
        "3": 0.4300455235204856,
        "4": 0.34331913334249464
      },
      "average_surface_distance": {
        "1": 5.787536619776712,
        "2": 9.193690462360909,
        "3": 4.824255812847987,
        "4": 4.914190388805463
      },
      "recall": {
        "1": 0.2810361612370727,
        "2": 0.9666802349246961,
        "3": 0.5699544764795144,
        "4": 0.6566808666575054
      },
      "overall": {
        "dice_score": 0.8444557355591037,
        "dice_score_2d": 0.7768131676759338,
        "false_positive_rate": 0.002277416043596158,
        "false_negative_rate": 0.12481560657155512,
        "recall": 0.8751843934284449,
        "hausdorff_distance": 177.24615395814448,
        "volumetric_similarity": 0.8184076959458817,
        "average_surface_distance": 6.179918320947768
      }
    },
    "Patient_39": {
      "dice_score": {
        "1": 0.5478482641362038,
        "2": 0.9298212701904964,
        "3": 0.8516186384176606,
        "4": 0.8260398602501056
      },
      "dice_score_2d": {
        "1": 0.7663927634104575,
        "2": 0.9624497774192892,
        "3": 0.9417919564355253,
        "4": 0.824936407541971
      },
      "hausdorff_distance": {
        "1": 39.86322593853341,
        "2": 21.739086701722318,
        "3": 50.341360365772424,
        "4": 27.6052164206842
      },
      "volumetric_similarity": {
        "1": 0.9767709027410795,
        "2": 0.995789564825494,
        "3": 0.9139936291577154,
        "4": 0.9852469270788305
      },
      "false_positive_rate": {
        "1": 0.00015622655461447867,
        "2": 0.0005009398142746336,