{
  "patients": {
    "Patient_07": {
      "dice_score": {
        "1": 0.5740131578947368,
        "2": 0.7536587636321974,
        "3": 0.8056285872986484,
        "4": 0.7607216393764095
      },
      "dice_score_2d": {
        "1": 0.6265023572321368,
        "2": 0.777525366463391,
        "3": 0.8713414986732951,
        "4": 0.7967319857885581
      },
      "hausdorff_distance": {
        "1": 37.33810757582326,
        "2": 96.79387858558322,
        "3": 162.5351133938064,
        "4": 117.09379222126941
      },
      "volumetric_similarity": {
        "1": 0.8077067669172933,
        "2": 0.9520418758190059,
        "3": 0.9056100722088503,
        "4": 0.881027551720757
      },
      "false_positive_rate": {
        "1": 0.00010603772358649987,
        "2": 0.0014876313700111722,
        "3": 2.8779126154450662e-05,
        "4": 0.0007801610456694635
      },
      "false_negative_rate": {
        "1": 0.5185637710862367,
        "2": 0.2808312219334137,
        "3": 0.2638559924206537,
        "4": 0.13655181623931623
      },
      "average_surface_distance": {
        "1": 2.7651170211060387,
        "2": 9.266571858044712,
        "3": 2.297775571823732,
        "4": 3.7104262471882636
      },
      "recall": {
        "1": 0.4814362289137632,
        "2": 0.7191687780665863,
        "3": 0.7361440075793463,
        "4": 0.8634481837606838
      },
      "overall": {
        "dice_score": 0.7857769088289771,
        "dice_score_2d": 0.6705350684007384,
        "false_positive_rate": 0.002027121622989625,
        "false_negative_rate": 0.23003129814711742,
        "recall": 0.7699687018528826,
        "hausdorff_distance": 103.44022294412056,
        "volumetric_similarity": 0.8865965666664767,
        "average_surface_distance": 4.509972674540686
      }
    },
    "Patient_17": {
      "dice_score": {
        "1": 0.5310794420861128,
        "2": 0.9126165389938712,
        "3": 0.7612509534706331,
        "4": 0.743348605417571
      },
      "dice_score_2d": {
        "1": 0.7145792612743703,
        "2": 0.9505851262057771,
        "3": 0.8509770157544283,
        "4": 0.7651210597983497
      },
      "hausdorff_distance": {
        "1": 49.22125547707858,
        "2": 22.4890084207909,
        "3": 122.11318477489131,
        "4": 218.8232746781864
      },
      "volumetric_similarity": {
        "1": 0.9966646452395391,
        "2": 0.9535670709573469,
        "3": 0.9286985579891759,
        "4": 0.9556216452768177
      },
      "false_positive_rate": {
        "1": 0.00014320931758898218,
        "2": 0.0002019518905461869,
        "3": 5.298709641217129e-05,
        "4": 0.0002734629874036514
      },
      "false_negative_rate": {
        "1": 0.46714329175540004,
        "2": 0.127878611552492,
        "3": 0.28941479622974164,
        "4": 0.28823821170192754
      },
      "average_surface_distance": {
        "1": 2.8668423289206837,
        "2": 2.799642626590132,
        "3": 2.436491279878564,
        "4": 7.169965469126666
      },
      "recall": {
        "1": 0.5328567082446,
        "2": 0.872121388447508,
        "3": 0.7105852037702584,
        "4": 0.7117617882980725
      },
      "overall": {
        "dice_score": 0.877249796335558,
        "dice_score_2d": 0.7175383673654467,
        "false_positive_rate": 0.0005335586100350356,
        "false_negative_rate": 0.16051443125583076,
        "recall": 0.8394855687441692,
        "hausdorff_distance": 103.1616808377368,
        "volumetric_similarity": 0.9586379798657199,
        "average_surface_distance": 3.8182354261290117
      }
    },
    "Patient_18": {
      "dice_score": {
        "1": 0.2624724722003208,
        "2": 0.7784883941367832,
        "3": 0.8289575519437995,
        "4": 0.6691999558263978
      },
      "dice_score_2d": {
        "1": 0.5033796565366689,
        "2": 0.8953450284717892,
        "3": 0.9146532073167739,
        "4": 0.7779068156989151
      },
      "hausdorff_distance": {
        "1": 89.59257347484288,
        "2": 107.7778353870542,
        "3": 101.6629645338095,
        "4": 106.0612143814194
      },
      "volumetric_similarity": {
        "1": 0.7880155515075719,
        "2": 0.8363197925276592,
        "3": 0.987200095255105,
        "4": 0.9744495868764244
      },
      "false_positive_rate": {
        "1": 0.0002015638644729205,
        "2": 0.0008077947233709809,
        "3": 6.4392668494323e-05,
        "4": 0.0007414054306511773
      },
      "false_negative_rate": {
        "1": 0.7834357754946386,
        "2": 0.331011742626647,
        "3": 0.16029429501869497,
        "4": 0.31325338443469125
      },
      "average_surface_distance": {
        "1": 6.984252608558833,
        "2": 9.516309339883719,
        "3": 1.7470445461978525,
        "4": 5.295735208611286
      },
      "recall": {
        "1": 0.2165642245053614,
        "2": 0.668988257373353,
        "3": 0.839705704981305,
        "4": 0.6867466155653088
      },
      "overall": {
        "dice_score": 0.7792653742730522,
        "dice_score_2d": 0.7425466171588384,
        "false_positive_rate": 0.0014071855886689554,
        "false_negative_rate": 0.3148303353656849,
        "recall": 0.6851696646343152,
        "hausdorff_distance": 101.2736469442815,
        "volumetric_similarity": 0.8964962565416901,
        "average_surface_distance": 5.885835425812923
      }
    },
    "Patient_34": {
      "dice_score": {
        "1": 0.3524445773922292,
        "2": 0.8765271574494014,
        "3": 0.727887291938874,
        "4": 0.7331613458024293
      },
      "dice_score_2d": {
        "1": 0.7212969832437324,
        "2": 0.879502210749377,
        "3": 0.8916021242944504,
        "4": 0.8420722780201121
      },
      "hausdorff_distance": {
        "1": 63.480148900761854,
        "2": 105.67595624530551,
        "3": 58.39324404355475,
        "4": 216.6315211800337
      },
      "volumetric_similarity": {
        "1": 0.4295099766233478,
        "2": 0.9094391465047968,
        "3": 0.8768959836391524,
        "4": 0.9386649467913577
      },
      "false_positive_rate": {
        "1": 6.919909764217505e-05,
        "2": 0.0018641217137487882,
        "3": 5.213480601936585e-05,
        "4": 0.0006076308241305027
      },
      "false_negative_rate": {
        "1": 0.775583052330093,
        "2": 0.03618932523620146,
        "3": 0.351896813353566,
        "4": 0.2189317942375521
      },
      "average_surface_distance": {
        "1": 5.158796108013487,
        "2": 8.482036097565098,
        "3": 3.2270341975425003,
        "4": 5.71638704758803
      },
      "recall": {
        "1": 0.22441694766990702,
        "2": 0.9638106747637986,
        "3": 0.648103186646434,
        "4": 0.7810682057624478
      },
      "overall": {
        "dice_score": 0.8688395259031525,
        "dice_score_2d": 0.7879000855596058,
        "false_positive_rate": 0.0019022613905268898,
        "false_negative_rate": 0.10513476849252487,
        "recall": 0.8948652315074751,
        "hausdorff_distance": 111.04521759241396,
        "volumetric_similarity": 0.7886275133896636,
        "average_surface_distance": 5.646063362677278
      }
    },
    "Patient_39": {
      "dice_score": {
        "1": 0.6100242055472896,
        "2": 0.9378963312880285,
        "3": 0.8524011807905537,
        "4": 0.7905031430789652
      },
      "dice_score_2d": {
        "1": 0.8032369864275508,
        "2": 0.9701159338420928,
        "3": 0.9144440866772203,
        "4": 0.8179926317200039
      },
      "hausdorff_distance": {
        "1": 36.457556725359595,
        "2": 18.66905378791163,
        "3": 551.2101797240734,
        "4": 82.9581892113525
      },
      "volumetric_similarity": {
        "1": 0.9889631587128866,
        "2": 0.9902028524132327,
        "3": 0.888328893368853,
        "4": 0.9994640486864184
      },
      "false_positive_rate": {
        "1": 0.00015112165862589757,
        "2": 0.00039499965835817,