{
  "patients": {
    "Patient_07": {
      "dice_score": {
        "1": 0.5234877734877735,
        "2": 0.8565702120321795,
        "3": 0.7462741762508783,
        "4": 0.8110928408803441
      },
      "dice_score_2d": {
        "1": 0.553301590058099,
        "2": 0.8873838497820429,
        "3": 0.8096451565246973,
        "4": 0.8087607171480659
      },
      "hausdorff_distance": {
        "1": 47.93702763171766,
        "2": 46.17957185212215,
        "3": 151.6291557679665,
        "4": 53.30510943974145
      },
      "volumetric_similarity": {
        "1": 0.8337929766501195,
        "2": 0.9706152713574171,
        "3": 0.9070670463370437,
        "4": 0.9471287629648368
      },
      "false_positive_rate": {
        "1": 0.0001439494614784759,
        "2": 0.0013991608943744354,
        "3": 4.634505204427833e-05,
        "4": 0.0004897732241930635
      },
      "false_negative_rate": {
        "1": 0.5511193441589154,
        "2": 0.1174976972758158,
        "3": 0.3171821073289572,
        "4": 0.14362980769230768
      },
      "average_surface_distance": {
        "1": 4.975895975885339,
        "2": 4.967769624104528,
        "3": 4.336985397998206,
        "4": 2.5496808250847574
      },
      "recall": {
        "1": 0.44888065584108466,
        "2": 0.8825023027241842,
        "3": 0.6828178926710429,
        "4": 0.8563701923076923
      },
      "overall": {
        "dice_score": 0.83723003139445,
        "dice_score_2d": 0.6139430240514974,
        "false_positive_rate": 0.002019475358566724,
        "false_negative_rate": 0.14382627915043278,
        "recall": 0.8561737208495672,
        "hausdorff_distance": 74.76271617288694,
        "volumetric_similarity": 0.9146510143273543,
        "average_surface_distance": 4.207582955768207
      }
    },
    "Patient_17": {
      "dice_score": {
        "1": 0.4031318281136198,
        "2": 0.9266806589351723,
        "3": 0.6217726663895432,
        "4": 0.7527429570350589
      },
      "dice_score_2d": {
        "1": 0.6378885053656042,
        "2": 0.9575405953254921,
        "3": 0.8479654424811982,
        "4": 0.7936623117253611
      },
      "hausdorff_distance": {
        "1": 58.6719723293057,
        "2": 21.37314715079174,
        "3": 48.55381773432956,
        "4": 176.54807279834912
      },
      "volumetric_similarity": {
        "1": 0.8029861616897305,
        "2": 0.9779194999551343,
        "3": 0.6377534524964206,
        "4": 0.9727592961866528
      },
      "false_positive_rate": {
        "1": 0.0001009591208428266,
        "2": 0.0005034360579268149,
        "3": 3.976905717703094e-06,
        "4": 0.00028816703056680634
      },
      "false_negative_rate": {
        "1": 0.6632187404928507,
        "2": 0.05239576572745787,
        "3": 0.5435681833593273,
        "4": 0.2672185260565428
      },
      "average_surface_distance": {
        "1": 4.336297905011027,
        "2": 2.3119617918364748,
        "3": 3.8182789222442173,
        "4": 6.021290392733938
      },
      "recall": {
        "1": 0.3367812595071494,
        "2": 0.9476042342725421,
        "3": 0.45643181664067267,
        "4": 0.7327814739434572
      },
      "overall": {
        "dice_score": 0.8813574771108851,
        "dice_score_2d": 0.690704298516652,
        "false_positive_rate": 0.0007835463143246472,
        "false_negative_rate": 0.1260156434103022,
        "recall": 0.8739843565896979,
        "hausdorff_distance": 76.28675250319404,
        "volumetric_similarity": 0.8478546025819846,
        "average_surface_distance": 4.121957252956414
      }
    },
    "Patient_18": {
      "dice_score": {
        "1": 0.35572948514124986,
        "2": 0.7841124848738409,
        "3": 0.7366255144032922,
        "4": 0.7274884780420617
      },
      "dice_score_2d": {
        "1": 0.6284388920039558,
        "2": 0.8896981847746116,
        "3": 0.9017401207292617,
        "4": 0.8132165764011029
      },
      "hausdorff_distance": {
        "1": 99.30877224662923,
        "2": 99.92293253645728,
        "3": 129.5992939786923,
        "4": 188.3082218330348
      },
      "volumetric_similarity": {
        "1": 0.9096734743793568,
        "2": 0.8853636887926238,
        "3": 0.8028301205689121,
        "4": 0.9716374423902103
      },
      "false_positive_rate": {
        "1": 0.00023616235916102969,
        "2": 0.0014765153787956046,
        "3": 1.9121786596274026e-05,
        "4": 0.0004813338989695937
      },
      "false_negative_rate": {
        "1": 0.6737404100677464,
        "2": 0.29653064682193175,
        "3": 0.3846942467736099,
        "4": 0.2925758793348581
      },
      "average_surface_distance": {
        "1": 5.397853987691205,
        "2": 9.768761131586812,
        "3": 3.081020694408237,
        "4": 4.853987411889389
      },
      "recall": {
        "1": 0.32625958993225357,
        "2": 0.7034693531780682,
        "3": 0.61530575322639,
        "4": 0.7074241206651418
      },
      "overall": {
        "dice_score": 0.7854374641624712,
        "dice_score_2d": 0.7447338322719801,
        "false_positive_rate": 0.001893852762816155,
        "false_negative_rate": 0.2894932923541584,
        "recall": 0.7105067076458416,
        "hausdorff_distance": 129.2848051487034,
        "volumetric_similarity": 0.8923761815327758,
        "average_surface_distance": 5.775405806393911
      }
    },
    "Patient_34": {
      "dice_score": {
        "1": 0.2081151348620575,
        "2": 0.8701690855211737,
        "3": 0.5580015724394254,
        "4": 0.6649150575076501
      },
      "dice_score_2d": {
        "1": 0.6207018037346056,
        "2": 0.8897155233194368,
        "3": 0.8709688462398918,
        "4": 0.7959184917713897
      },
      "hausdorff_distance": {
        "1": 100.33028413388986,
        "2": 74.31368489991331,
        "3": 81.68665532384873,
        "4": 290.63607106669957
      },
      "volumetric_similarity": {
        "1": 0.2533361262737658,
        "2": 0.889638380782618,
        "3": 0.5869487527696375,
        "4": 0.9214308325419437
      },
      "false_positive_rate": {
        "1": 3.650958716888764e-05,
        "2": 0.002138512291614504,
        "3": 8.049788958384738e-06,
        "4": 0.0007802274342471003
      },
      "false_negative_rate": {
        "1": 0.8808499231062262,
        "2": 0.021884504627955836,
        "3": 0.6051087506322711,
        "4": 0.2783885300719161
      },
      "average_surface_distance": {
        "1": 7.119557077658032,
        "2": 7.12636499380484,
        "3": 3.618631655882085,
        "4": 5.783118929995396
      },
      "recall": {
        "1": 0.11915007689377372,
        "2": 0.9781154953720441,
        "3": 0.3948912493677289,
        "4": 0.7216114699280839
      },
      "overall": {
        "dice_score": 0.8540518607192346,
        "dice_score_2d": 0.7699537114160865,
        "false_positive_rate": 0.0021527932330919243,
        "false_negative_rate": 0.11551659802406966,
        "recall": 0.8844834019759303,
        "hausdorff_distance": 136.74167385608786,
        "volumetric_similarity": 0.6628385230919912,
        "average_surface_distance": 5.911918164335088
      }
    },
    "Patient_39": {
      "dice_score": {
        "1": 0.4685111474689263,
        "2": 0.9288849849049611,
        "3": 0.8623085543518865,
        "4": 0.788964079099877
      },
      "dice_score_2d": {
        "1": 0.7369304095343969,
        "2": 0.9783284999204391,
        "3": 0.9517829167951231,
        "4": 0.7950343444207885
      },
      "hausdorff_distance": {
        "1": 40.15851312932057,
        "2": 61.34314207066315,
        "3": 35.72096449828168,
        "4": 240.77940003750712
      },
      "volumetric_similarity": {
        "1": 0.9125051891284706,
        "2": 0.9920615338051013,
        "3": 0.9217781098244303,
        "4": 0.9900543090402029
      },
      "false_positive_rate": {
        "1": 0.00015215937518751077,
        "2": 0.0006076554710141648,