{
  "patients": {
    "Patient_07": {
      "dice_score": {
        "1": 0.873622244488978,
        "2": 0.9694847751219013,
        "3": 0.8874114441416894,
        "4": 0.9545152629786949
      },
      "dice_score_2d": {
        "1": 0.9084035212482489,
        "2": 0.9742508132980824,
        "3": 0.9474249502901656,
        "4": 0.9629865613387134
      },
      "hausdorff_distance": {
        "1": 39.265990286303264,
        "2": 16.12213819081545,
        "3": 83.20704656251327,
        "4": 12.152518908453198
      },
      "volumetric_similarity": {
        "1": 0.9406730126920507,
        "2": 0.9980182084768302,
        "3": 0.9262851952770209,
        "4": 0.9969133562924553
      },
      "false_positive_rate": {
        "1": 3.4244236418881894e-05,
        "2": 0.0002558748603755129,
        "3": 1.140506110565267e-05,
        "4": 8.109506955642407e-05
      },
      "false_negative_rate": {
        "1": 0.17530445749418674,
        "2": 0.028590092958801293,
        "3": 0.17351289165595182,
        "4": 0.048421919515669515
      },
      "average_surface_distance": {
        "1": 0.9356420375050885,
        "2": 1.033603410175558,
        "3": 1.70795429471274,
        "4": 0.6219311383567487
      },
      "recall": {
        "1": 0.8246955425058132,
        "2": 0.9714099070411987,
        "3": 0.8264871083440481,
        "4": 0.9515780804843305
      },
      "overall": {
        "dice_score": 0.9615504933875839,
        "dice_score_2d": 0.9289024260130394,
        "false_positive_rate": 0.0003662452254741862,
        "false_negative_rate": 0.04229964889778912,
        "recall": 0.9577003511022109,
        "hausdorff_distance": 37.686923487021296,
        "volumetric_similarity": 0.9654724431845892,
        "average_surface_distance": 1.074782720187534
      }
    },
    "Patient_17": {
      "dice_score": {
        "1": 0.8897053253541398,
        "2": 0.9669554664059603,
        "3": 0.9172723620292925,
        "4": 0.9328688363095771
      },
      "dice_score_2d": {
        "1": 0.9283188358162632,
        "2": 0.9830704074210883,
        "3": 0.9711194027172865,
        "4": 0.9354728729050239
      },
      "hausdorff_distance": {
        "1": 17.136641553292787,
        "2": 14.563344946280813,
        "3": 14.563344946280813,
        "4": 26.332004774879245
      },
      "volumetric_similarity": {
        "1": 0.9961366563139156,
        "2": 0.9958444302104754,
        "3": 0.9227510135505315,
        "4": 0.9527502641901453
      },
      "false_positive_rate": {
        "1": 3.464148499655907e-05,
        "2": 0.0001484552511592826,
        "3": 1.7240920741487404e-06,
        "4": 2.5542234602663502e-05
      },
      "false_negative_rate": {
        "1": 0.10684410646387833,
        "2": 0.03704615549895478,
        "3": 0.14850478063334915,
        "4": 0.10922027057072979
      },
      "average_surface_distance": {
        "1": 0.595093595397886,
        "2": 1.0438612628130488,
        "3": 0.6626897975434275,
        "4": 0.9636833401659652
      },
      "recall": {
        "1": 0.8931558935361217,
        "2": 0.9629538445010453,
        "3": 0.8514952193666508,
        "4": 0.8907797294292702
      },
      "overall": {
        "dice_score": 0.9570797591040453,
        "dice_score_2d": 0.9218599859810256,
        "false_positive_rate": 0.00019742563910070098,
        "false_negative_rate": 0.05703715421144553,
        "recall": 0.9429628457885545,
        "hausdorff_distance": 18.148834055183414,
        "volumetric_similarity": 0.9668705910662669,
        "average_surface_distance": 0.8163319989800819
      }
    },
    "Patient_18": {
      "dice_score": {
        "1": 0.8795607664712574,
        "2": 0.9467627429389863,
        "3": 0.949031630457212,
        "4": 0.922282737879931
      },
      "dice_score_2d": {
        "1": 0.9308874144211601,
        "2": 0.966422322304485,
        "3": 0.9799602004863166,
        "4": 0.9381758572980583
      },
      "hausdorff_distance": {
        "1": 30.76121300175702,
        "2": 17.136641553292787,
        "3": 29.543799762521328,
        "4": 27.095409377145465
      },
      "volumetric_similarity": {
        "1": 0.941989675387173,
        "2": 0.9672034051168288,
        "3": 0.9776257996049877,
        "4": 0.9968892425667366
      },
      "false_positive_rate": {
        "1": 2.97613039146772e-05,
        "2": 0.0003216813028658383,
        "3": 2.594056982089955e-05,
        "4": 0.00015078759836232845
      },
      "false_negative_rate": {
        "1": 0.16866523321204102,
        "2": 0.08330183539568796,
        "3": 0.029248582800627185,
        "4": 0.08057736292266798
      },
      "average_surface_distance": {
        "1": 1.0375398673656964,
        "2": 2.9987509348714636,
        "3": 0.4908896738377245,
        "4": 1.4059557233814908
      },
      "recall": {
        "1": 0.831334766787959,
        "2": 0.9166981646043121,
        "3": 0.9707514171993729,
        "4": 0.919422637077332
      },
      "overall": {
        "dice_score": 0.9472524411217078,
        "dice_score_2d": 0.9173853017923429,
        "false_positive_rate": 0.0004414531896235852,
        "false_negative_rate": 0.07955261116770562,
        "recall": 0.9204473888322944,
        "hausdorff_distance": 26.134265923679152,
        "volumetric_similarity": 0.9709270306689315,
        "average_surface_distance": 1.4832840498640936
      }
    },
    "Patient_34": {
      "dice_score": {
        "1": 0.5640612250916706,
        "2": 0.9565783361260539,
        "3": 0.9227591698601503,
        "4": 0.9014169527700375
      },
      "dice_score_2d": {
        "1": 0.8452642422030566,
        "2": 0.9774301224088916,
        "3": 0.9770519659867886,
        "4": 0.9439090892497387
      },
      "hausdorff_distance": {
        "1": 83.0729520816611,
        "2": 49.38670554187811,
        "3": 26.94445884676355,
        "4": 74.8060150277711
      },
      "volumetric_similarity": {
        "1": 0.6019680898125301,
        "2": 0.9959198163980325,
        "3": 0.983924749912905,
        "4": 0.9413007507855492
      },
      "false_positive_rate": {
        "1": 3.836011159609063e-05,
        "2": 0.0003778027941906963,
        "3": 3.726754147400341e-05,
        "4": 0.0002904009615096026
      },
      "false_negative_rate": {
        "1": 0.5965319382330605,
        "2": 0.039502658370897725,
        "3": 0.062164896307536674,
        "4": 0.0423709404058449
      },
      "average_surface_distance": {
        "1": 3.9039259735108294,
        "2": 1.375920832665972,
        "3": 0.7502528183528385,
        "4": 2.576167235046622
      },
      "recall": {
        "1": 0.4034680617669395,
        "2": 0.9604973416291023,
        "3": 0.9378351036924634,
        "4": 0.9576290595941551
      },
      "overall": {
        "dice_score": 0.9312437877470973,
        "dice_score_2d": 0.9397790731605852,
        "false_positive_rate": 0.0005166817212260042,
        "false_negative_rate": 0.08962200846023394,
        "recall": 0.9103779915397661,
        "hausdorff_distance": 58.55253287451846,
        "volumetric_similarity": 0.8807783517272543,
        "average_surface_distance": 2.1515667148940656
      }
    },
    "Patient_39": {
      "dice_score": {
        "1": 0.9107559547395765,
        "2": 0.9665470272198319,
        "3": 0.8820485503386348,
        "4": 0.9600399600399601
      },
      "dice_score_2d": {
        "1": 0.9553696626969553,
        "2": 0.9865905042195311,
        "3": 0.9550108084029,
        "4": 0.9771073470689281
      },
      "hausdorff_distance": {
        "1": 11.40007324195222,
        "2": 16.30431502629174,
        "3": 47.44154117544626,
        "4": 8.763306010094734
      },
      "volumetric_similarity": {
        "1": 0.980363668383745,
        "2": 0.9917381902490136,
        "3": 0.938893539304467,
        "4": 0.9829660135782585
      },
      "false_positive_rate": {
        "1": 4.139150091724938e-05,