{
  "patients": {
    "Patient_07": {
      "dice_score": {
        "1": 0.24844170330030838,
        "2": 0.8117271013860494,
        "3": 0.4524703842819994,
        "4": 0.7466115322765908
      },
      "dice_score_2d": {
        "1": 0.33762141869893203,
        "2": 0.39381901548586234,
        "3": 0.395800176994832,
        "4": 0.6639461743271796
      },
      "hausdorff_distance": {
        "1": 208.0744052734089,
        "2": 165.2742571549635,
        "3": 284.04677013997735,
        "4": 249.25405828449226
      },
      "volumetric_similarity": {
        "1": 0.8323600813594909,
        "2": 0.9567675765378134,
        "3": 0.8539150534527593,
        "4": 0.9135623345061482
      },
      "false_positive_rate": {
        "1": 0.0005974403734506615,
        "2": 0.0010925534557450556,
        "3": 0.00025587840831990465,
        "4": 0.0002948290469813332
      },
      "false_negative_rate": {
        "1": 0.7015213621314835,
        "2": 0.22191154805928864,
        "3": 0.4701224876497259,
        "4": 0.31278935185185186
      },
      "average_surface_distance": {
        "1": 18.997554019186538,
        "2": 8.989398270071394,
        "3": 20.645613902158658,
        "4": 4.30582722613623
      },
      "recall": {
        "1": 0.29847863786851647,
        "2": 0.7780884519407113,
        "3": 0.529877512350274,
        "4": 0.6872106481481481
      },
      "overall": {
        "dice_score": 0.8233676847401201,
        "dice_score_2d": 0.700235249131292,
        "false_positive_rate": 0.0015146711352441097,
        "false_negative_rate": 0.2009958134694964,
        "recall": 0.7990041865305036,
        "hausdorff_distance": 226.66237271321052,
        "volumetric_similarity": 0.889151261464053,
        "average_surface_distance": 13.234598354388204
      }
    },
    "Patient_17": {
      "dice_score": {
        "1": 0.12696894838898184,
        "2": 0.8415076267211923,
        "3": 0.4963587711275954,
        "4": 0.5729880319526963
      },
      "dice_score_2d": {
        "1": 0.4024968449714513,
        "2": 0.5477770098066583,
        "3": 0.47425058733715514,
        "4": 0.6040731463456072
      },
      "hausdorff_distance": {
        "1": 195.67980411674495,
        "2": 134.2370255007935,
        "3": 256.68441686757177,
        "4": 190.71866518035995
      },
      "volumetric_similarity": {
        "1": 0.698488591388424,
        "2": 0.8912159328620242,
        "3": 0.999017715001863,
        "4": 0.8919085387232187
      },
      "false_positive_rate": {
        "1": 0.000508220674570595,
        "2": 0.00023135652930465607,
        "3": 0.0001712368248044529,
        "4": 0.00038722948098524453
      },
      "false_negative_rate": {
        "1": 0.8182233039245512,
        "2": 0.24105364456280912,
        "3": 0.5031531836983794,
        "4": 0.4829054712753767
      },
      "average_surface_distance": {
        "1": 18.753343068263117,
        "2": 7.296154849243193,
        "3": 16.39277686466696,
        "4": 5.620622893683915
      },
      "recall": {
        "1": 0.18177669607544875,
        "2": 0.7589463554371909,
        "3": 0.49684681630162064,
        "4": 0.5170945287246234
      },
      "overall": {
        "dice_score": 0.8384622332775165,
        "dice_score_2d": 0.7211530542257653,
        "false_positive_rate": 0.0005685536483542553,
        "false_negative_rate": 0.22090264349746108,
        "recall": 0.7790973565025389,
        "hausdorff_distance": 194.32997791636754,
        "volumetric_similarity": 0.8701576944938825,
        "average_surface_distance": 12.015724418964297
      }
    },
    "Patient_18": {
      "dice_score": {
        "1": 0.09312734623159111,
        "2": 0.7897486604577827,
        "3": 0.5206054078566975,
        "4": 0.6207443711490598
      },
      "dice_score_2d": {
        "1": 0.3830313208966905,
        "2": 0.49808906764347327,
        "3": 0.47238431132759146,
        "4": 0.6167373245746429
      },
      "hausdorff_distance": {
        "1": 295.52081909979967,
        "2": 148.51756012853747,
        "3": 377.54665600679374,
        "4": 289.87726554439996
      },
      "volumetric_similarity": {
        "1": 0.8045408605255558,
        "2": 0.8608286529156663,
        "3": 0.9399693894903917,
        "4": 0.7579482126518782
      },
      "false_positive_rate": {
        "1": 0.0006368917596625473,
        "2": 0.001014213263823274,
        "3": 0.00019843284760102904,
        "4": 0.00022395686793751015
      },
      "false_negative_rate": {
        "1": 0.8842478352550586,
        "2": 0.3067340901093459,
        "3": 0.446146423833072,
        "4": 0.5002266592487277
      },
      "average_surface_distance": {
        "1": 29.23445861931473,
        "2": 9.782806425818837,
        "3": 24.27356931234944,
        "4": 5.761157485414656
      },
      "recall": {
        "1": 0.11575216474494145,
        "2": 0.6932659098906542,
        "3": 0.553853576166928,
        "4": 0.4997733407512724
      },
      "overall": {
        "dice_score": 0.7895664283899542,
        "dice_score_2d": 0.7347152033938662,
        "false_positive_rate": 0.0013075236637584689,
        "false_negative_rate": 0.3032529065358167,
        "recall": 0.6967470934641833,
        "hausdorff_distance": 277.8655751948827,
        "volumetric_similarity": 0.840821778895873,
        "average_surface_distance": 17.262997960724416
      }
    },
    "Patient_34": {
      "dice_score": {
        "1": 0.22567483880368658,
        "2": 0.8845853334570439,
        "3": 0.5098466364586964,
        "4": 0.7098803763283382
      },
      "dice_score_2d": {
        "1": 0.5644480244548703,
        "2": 0.6431280203516171,
        "3": 0.5725873091524987,
        "4": 0.7620400907650594
      },
      "hausdorff_distance": {
        "1": 313.05329274229973,
        "2": 130.0391473924597,
        "3": 334.127891527356,
        "4": 269.278026285142
      },
      "volumetric_similarity": {
        "1": 0.7090269935521475,
        "2": 0.9657508826588664,
        "3": 0.8613628441965842,
        "4": 0.9768836920481306
      },
      "false_positive_rate": {
        "1": 0.0005279863295372051,
        "2": 0.0012274883127176269,
        "3": 0.0002868507512281692,
        "4": 0.0004535636701968565
      },
      "false_negative_rate": {
        "1": 0.8251901180919057,
        "2": 0.08404398138199029,
        "3": 0.4080930703085483,
        "4": 0.3061586734460171
      },
      "average_surface_distance": {
        "1": 21.29069198953212,
        "2": 6.58643054579946,
        "3": 23.665896995805046,
        "4": 5.633813713857471
      },
      "recall": {
        "1": 0.1748098819080943,
        "2": 0.9159560186180097,
        "3": 0.5919069296914516,
        "4": 0.6938413265539829
      },
      "overall": {
        "dice_score": 0.8685686750017023,
        "dice_score_2d": 0.8200598246693795,
        "false_positive_rate": 0.0014980461691639394,
        "false_negative_rate": 0.13255054036428818,
        "recall": 0.8674494596357119,
        "hausdorff_distance": 261.62458948681433,
        "volumetric_similarity": 0.8782561031139322,
        "average_surface_distance": 14.294208311248523
      }
    },
    "Patient_39": {
      "dice_score": {
        "1": 0.1865070227953028,
        "2": 0.9222879286786282,
        "3": 0.5252446418922976,
        "4": 0.7538733575542554
      },
      "dice_score_2d": {
        "1": 0.5602112185125921,
        "2": 0.6114592266681645,
        "3": 0.5932660179610361,
        "4": 0.742433608906275
      },
      "hausdorff_distance": {
        "1": 249.82221339517443,
        "2": 131.24720421129453,
        "3": 289.82165241741507,
        "4": 228.95810046289722
      },
      "volumetric_similarity": {
        "1": 0.7887847818771143,
        "2": 0.9867952422552247,
        "3": 0.7407096115747134,
        "4": 0.8654942830663914
      },
      "false_positive_rate": {
        "1": 0.0004841617254481492,
        "2": 0.00048549723266745967,