{
  "patients": {
    "Patient_07": {
      "dice_score": {
        "1": 0.3494700366897676,
        "2": 0.7915462880718616,
        "3": 0.8190994077991731,
        "4": 0.6610400922852367
      },
      "dice_score_2d": {
        "1": 0.47007469386980316,
        "2": 0.8455065673352096,
        "3": 0.8516941678933186,
        "4": 0.7088077598952589
      },
      "hausdorff_distance": {
        "1": 103.23205380885217,
        "2": 108.31433139139818,
        "3": 135.86929188576448,
        "4": 99.23482337817929
      },
      "volumetric_similarity": {
        "1": 0.7070933550754179,
        "2": 0.9657678251607871,
        "3": 0.899251368766062,
        "4": 0.9422981849000636
      },
      "false_positive_rate": {
        "1": 0.0001496426189684408,
        "2": 0.001974723733810617,
        "3": 2.2938029438658454e-05,
        "4": 0.0005101857798791987
      },
      "false_negative_rate": {
        "1": 0.7297020337379789,
        "2": 0.18039691585285525,
        "3": 0.25587060973133924,
        "4": 0.37502225783475784
      },
      "average_surface_distance": {
        "1": 4.351866215020802,
        "2": 6.9857226185733605,
        "3": 1.415392355930821,
        "4": 4.637983711088408
      },
      "recall": {
        "1": 0.2702979662620211,
        "2": 0.8196030841471448,
        "3": 0.7441293902686608,
        "4": 0.6249777421652422
      },
      "overall": {
        "dice_score": 0.7748841684076628,
        "dice_score_2d": 0.5956656604715503,
        "false_positive_rate": 0.0024298536009597677,
        "false_negative_rate": 0.22360630480200697,
        "recall": 0.7763936951979931,
        "hausdorff_distance": 111.66262511604853,
        "volumetric_similarity": 0.8786026834755827,
        "average_surface_distance": 4.347741225153348
      }
    },
    "Patient_17": {
      "dice_score": {
        "1": 0.3280349903989759,
        "2": 0.8135032988894905,
        "3": 0.6721153443145145,
        "4": 0.5818922376654685
      },
      "dice_score_2d": {
        "1": 0.5607357285036717,
        "2": 0.9000177996990324,
        "3": 0.7983849422968913,
        "4": 0.7661981281203963
      },
      "hausdorff_distance": {
        "1": 132.09301549055854,
        "2": 31.417176181036773,
        "3": 142.0321039857714,
        "4": 102.81984931975671
      },
      "volumetric_similarity": {
        "1": 0.5973970556859398,
        "2": 0.8425262732521843,
        "3": 0.7638207804182908,
        "4": 0.982271694763318
      },
      "false_positive_rate": {
        "1": 5.804229966487641e-05,
        "2": 0.00012939888949327908,
        "3": 2.514875638824963e-05,
        "4": 0.0005292995318292485
      },
      "false_negative_rate": {
        "1": 0.7661241253422574,
        "2": 0.297173421659244,
        "3": 0.4562961958364413,
        "4": 0.4282440267492175
      },
      "average_surface_distance": {
        "1": 4.8708009593775525,
        "2": 5.008147999714305,
        "3": 5.512753763790821,
        "4": 6.17897666634452
      },
      "recall": {
        "1": 0.23387587465774262,
        "2": 0.702826578340756,
        "3": 0.5437038041635587,
        "4": 0.5717559732507824
      },
      "overall": {
        "dice_score": 0.7889547730003109,
        "dice_score_2d": 0.679970306448714,
        "false_positive_rate": 0.00044787631383281883,
        "false_negative_rate": 0.30783881412232594,
        "recall": 0.6921611858776741,
        "hausdorff_distance": 102.09053624428086,
        "volumetric_similarity": 0.7965039510299332,
        "average_surface_distance": 5.3926698473067995
      }
    },
    "Patient_18": {
      "dice_score": {
        "1": 0.06769997050824131,
        "2": 0.7745879139473775,
        "3": 0.6133132756675442,
        "4": 0.3314772262711984
      },
      "dice_score_2d": {
        "1": 0.4174971988721984,
        "2": 0.9084590304251812,
        "3": 0.838199333480433,
        "4": 0.5100678891196176
      },
      "hausdorff_distance": {
        "1": 131.9076216932438,
        "2": 66.12365589416501,
        "3": 111.75373776803578,
        "4": 129.03156496730747
      },
      "volumetric_similarity": {
        "1": 0.5392404233705803,
        "2": 0.8459183965080793,
        "3": 0.7527641970665664,
        "4": 0.6317154658358826
      },
      "false_positive_rate": {
        "1": 0.00015005194049484357,
        "2": 0.0010046380195412093,
        "3": 3.866062415429885e-05,
        "4": 0.00044486414599264045
      },
      "false_negative_rate": {
        "1": 0.9536542689218898,
        "2": 0.3288274316099519,
        "3": 0.5082619708117235,
        "4": 0.7577424738826729
      },
      "average_surface_distance": {
        "1": 9.908135105019591,
        "2": 9.587081823874184,
        "3": 3.433516811386998,
        "4": 7.973522763672364
      },
      "recall": {
        "1": 0.046345731078110276,
        "2": 0.6711725683900481,
        "3": 0.49173802918827647,
        "4": 0.24225752611732707
      },
      "overall": {
        "dice_score": 0.7343765434077396,
        "dice_score_2d": 0.6058938625925555,
        "false_positive_rate": 0.0013627403217935051,
        "false_negative_rate": 0.3785443904772133,
        "recall": 0.6214556095227868,
        "hausdorff_distance": 109.70414508068802,
        "volumetric_similarity": 0.6924096206952772,
        "average_surface_distance": 7.725564125988284
      }
    },
    "Patient_34": {
      "dice_score": {
        "1": 0.21695459062122138,
        "2": 0.8768032269304086,
        "3": 0.7039426523297491,
        "4": 0.6042593356044004
      },
      "dice_score_2d": {
        "1": 0.5925042929090959,
        "2": 0.9388034232673137,
        "3": 0.8810092892558674,
        "4": 0.7394000972408001
      },
      "hausdorff_distance": {
        "1": 223.9085823488044,
        "2": 64.87827782398811,
        "3": 324.0894892042638,
        "4": 179.93473630957425
      },
      "volumetric_similarity": {
        "1": 0.30293670461755795,
        "2": 0.940706818579109,
        "3": 0.9098428453267162,
        "4": 0.9473821251112028
      },
      "false_positive_rate": {
        "1": 7.14473719473981e-05,
        "2": 0.001536563205344941,
        "3": 7.421706659409533e-05,
        "4": 0.000822520768714094
      },
      "false_negative_rate": {
        "1": 0.8721588103333945,
        "2": 0.06793146428472105,
        "3": 0.3542741527567021,
        "4": 0.36217992762585316
      },
      "average_surface_distance": {
        "1": 6.147029192161208,
        "2": 3.9720077264809466,
        "3": 7.6638343036055385,
        "4": 6.191006806656021
      },
      "recall": {
        "1": 0.12784118966660551,
        "2": 0.9320685357152789,
        "3": 0.645725847243298,
        "4": 0.6378200723741468
      },
      "overall": {
        "dice_score": 0.8392831879273757,
        "dice_score_2d": 0.7246044039625096,
        "false_positive_rate": 0.0018298310391227197,
        "false_negative_rate": 0.16213195420417018,
        "recall": 0.8378680457958299,
        "hausdorff_distance": 198.20277142165764,
        "volumetric_similarity": 0.7752171234086466,
        "average_surface_distance": 5.993469507225928
      }
    },
    "Patient_39": {
      "dice_score": {
        "1": 0.23754302710289743,
        "2": 0.8994976445936852,
        "3": 0.8528169575264961,
        "4": 0.7180199426423736
      },
      "dice_score_2d": {
        "1": 0.6084700774786501,
        "2": 0.9423350236142503,
        "3": 0.9451723226316227,
        "4": 0.7982286791591706
      },
      "hausdorff_distance": {
        "1": 62.53530838591807,
        "2": 28.655216976336742,
        "3": 51.04057941550343,
        "4": 164.30637008939465
      },
      "volumetric_similarity": {
        "1": 0.5117133977208168,
        "2": 0.9521424525646535,
        "3": 0.9831859112279863,
        "4": 0.9422341908704894
      },
      "false_positive_rate": {
        "1": 6.865666670544156e-05,
        "2": 0.0003831142653089805,