{
  "patients": {
    "Patient_07": {
      "dice_score": {
        "1": 0.3201146679407549,
        "2": 0.84348309004455,
        "3": 0.8181247924430832,
        "4": 0.822038573121399
      },
      "dice_score_2d": {
        "1": 0.3972708376012539,
        "2": 0.8416020036112744,
        "3": 0.9081337651367961,
        "4": 0.8025239477803557
      },
      "hausdorff_distance": {
        "1": 50.80857558069369,
        "2": 59.78248842973637,
        "3": 50.341360365772424,
        "4": 52.57983606056842
      },
      "volumetric_similarity": {
        "1": 0.4847109412326803,
        "2": 0.9887510184888666,
        "3": 0.9094867348068337,
        "4": 0.9179095329546847
      },
      "false_positive_rate": {
        "1": 5.876532600128567e-05,
        "2": 0.0013333718516758861,
        "3": 2.6391524577192535e-05,
        "4": 0.0005435590273032879
      },
      "false_negative_rate": {
        "1": 0.7887434967680909,
        "2": 0.1469206359618554,
        "3": 0.24978006361237057,
        "4": 0.1044448896011396
      },
      "average_surface_distance": {
        "1": 4.4746362523190575,
        "2": 6.015738760633846,
        "3": 1.4386501138653203,
        "4": 2.713169379234112
      },
      "recall": {
        "1": 0.2112565032319092,
        "2": 0.8530793640381445,
        "3": 0.7502199363876294,
        "4": 0.8955551103988604
      },
      "overall": {
        "dice_score": 0.8331118782867006,
        "dice_score_2d": 0.6726806061333769,
        "false_positive_rate": 0.0018413712444456888,
        "false_negative_rate": 0.1629500116964725,
        "recall": 0.8370499883035275,
        "hausdorff_distance": 53.378065109192725,
        "volumetric_similarity": 0.8252145568707664,
        "average_surface_distance": 3.6605486265130835
      }
    },
    "Patient_17": {
      "dice_score": {
        "1": 0.48845246122724206,
        "2": 0.9076322952516982,
        "3": 0.6876955814244586,
        "4": 0.7637182318049963
      },
      "dice_score_2d": {
        "1": 0.6530730308097938,
        "2": 0.924307208749331,
        "3": 0.8559132203129529,
        "4": 0.8359342456928348
      },
      "hausdorff_distance": {
        "1": 66.18530966596826,
        "2": 67.64814511916892,
        "3": 51.56835315457247,
        "4": 55.234479195904065
      },
      "volumetric_similarity": {
        "1": 0.8917734322319623,
        "2": 0.9864167087948112,
        "3": 0.7693912462969917,
        "4": 0.9874182794302291
      },
      "false_positive_rate": {
        "1": 0.00010999303124611232,
        "2": 0.0005542993843574113,
        "3": 2.2505148541221558e-05,
        "4": 0.0002972333732996437
      },
      "false_negative_rate": {
        "1": 0.5592485549132948,
        "2": 0.07986930152406956,
        "3": 0.44117447616464367,
        "4": 0.24577126340453917
      },
      "average_surface_distance": {
        "1": 4.870497184138227,
        "2": 3.962734528404197,
        "3": 3.4351426134985217,
        "4": 3.765217462885124
      },
      "recall": {
        "1": 0.4407514450867052,
        "2": 0.9201306984759304,
        "3": 0.5588255238353563,
        "4": 0.7542287365954609
      },
      "overall": {
        "dice_score": 0.8725353518468327,
        "dice_score_2d": 0.7162668648240144,
        "false_positive_rate": 0.0008695989283926759,
        "false_negative_rate": 0.13224589142582294,
        "recall": 0.8677541085741771,
        "hausdorff_distance": 60.15907178390343,
        "volumetric_similarity": 0.9087499166884986,
        "average_surface_distance": 4.008397947231518
      }
    },
    "Patient_18": {
      "dice_score": {
        "1": 0.3178325279252159,
        "2": 0.9144482393402434,
        "3": 0.6903432357977812,
        "4": 0.6037055765166544
      },
      "dice_score_2d": {
        "1": 0.5397082020883075,
        "2": 0.9281362730825209,
        "3": 0.894428347538975,
        "4": 0.7072855920650647
      },
      "hausdorff_distance": {
        "1": 127.88854629788567,
        "2": 37.56622141284681,
        "3": 161.43953335749623,
        "4": 86.34706102661153
      },
      "volumetric_similarity": {
        "1": 0.8228366209828619,
        "2": 0.9854405583124747,
        "3": 0.7653934926662199,
        "4": 0.7415302034307052
      },
      "false_positive_rate": {
        "1": 0.00019941579638800474,
        "2": 0.0011373780210266432,
        "3": 2.101936847224015e-05,
        "4": 0.00022203520855957218
      },
      "false_negative_rate": {
        "1": 0.730001345955404,
        "2": 0.09867455590454717,
        "3": 0.44083946447955613,
        "4": 0.5202860027611218
      },
      "average_surface_distance": {
        "1": 5.643463777431251,
        "2": 4.053232645055314,
        "3": 4.375061181868142,
        "4": 4.526040083389599
      },
      "recall": {
        "1": 0.269998654044596,
        "2": 0.9013254440954528,
        "3": 0.5591605355204439,
        "4": 0.47971399723887825
      },
      "overall": {
        "dice_score": 0.8783622468515075,
        "dice_score_2d": 0.7746811471292756,
        "false_positive_rate": 0.0014416880329355575,
        "false_negative_rate": 0.1580584196815183,
        "recall": 0.8419415803184817,
        "hausdorff_distance": 103.31034052371007,
        "volumetric_similarity": 0.8288002188480654,
        "average_surface_distance": 4.649449421936076
      }
    },
    "Patient_34": {
      "dice_score": {
        "1": 0.3806673389938948,
        "2": 0.8965908193606859,
        "3": 0.7593226236733747,
        "4": 0.697223847604187
      },
      "dice_score_2d": {
        "1": 0.7346022869750969,
        "2": 0.9205527929491283,
        "3": 0.8989715999853138,
        "4": 0.8346504047104247
      },
      "hausdorff_distance": {
        "1": 51.80508746624416,
        "2": 78.84096802340689,
        "3": 69.72645606238719,
        "4": 93.38203091231945
      },
      "volumetric_similarity": {
        "1": 0.46282138868104583,
        "2": 0.9323031268009659,
        "3": 0.8534477759090646,
        "4": 0.9462323646056824
      },
      "false_positive_rate": {
        "1": 7.536692980694625e-05,
        "2": 0.0014536973309318385,
        "3": 3.2258783899897355e-05,
        "4": 0.0006548799422597466
      },
      "false_negative_rate": {
        "1": 0.7523597217715197,
        "2": 0.0383054678394361,
        "3": 0.3377339403136065,
        "4": 0.2631578947368421
      },
      "average_surface_distance": {
        "1": 4.692280239135307,
        "2": 5.106336201510299,
        "3": 3.19864749507799,
        "4": 4.969042198548424
      },
      "recall": {
        "1": 0.24764027822848034,
        "2": 0.9616945321605639,
        "3": 0.6622660596863935,
        "4": 0.7368421052631579
      },
      "overall": {
        "dice_score": 0.8751002347000891,
        "dice_score_2d": 0.8265486532817407,
        "false_positive_rate": 0.00158396174970024,
        "false_negative_rate": 0.11515391402296767,
        "recall": 0.8848460859770323,
        "hausdorff_distance": 73.43863561608943,
        "volumetric_similarity": 0.7987011639991897,
        "average_surface_distance": 4.491576533568005
      }
    },
    "Patient_39": {
      "dice_score": {
        "1": 0.5275679430407224,
        "2": 0.947731807409717,
        "3": 0.8484515703931473,
        "4": 0.8409323280316243
      },
      "dice_score_2d": {
        "1": 0.7347612053593882,
        "2": 0.9596604638474928,
        "3": 0.9386811940451888,
        "4": 0.8356754511812394
      },
      "hausdorff_distance": {
        "1": 89.26933015131267,
        "2": 21.874534035215756,
        "3": 70.44269196703445,
        "4": 64.71715522691076
      },
      "volumetric_similarity": {
        "1": 0.7110648027553472,
        "2": 0.985378185378634,
        "3": 0.9032872098982356,
        "4": 0.9090143632755048
      },
      "false_positive_rate": {
        "1": 5.305744355344947e-05,
        "2": 0.0002829397894248898,