{
  "patients": {
    "Patient_07": {
      "dice_score": {
        "1": 0.6169051204819277,
        "2": 0.9043789845359139,
        "3": 0.8459158635894883,
        "4": 0.8618599100730923
      },
      "dice_score_2d": {
        "1": 0.6898172030591591,
        "2": 0.9000169436222754,
        "3": 0.937796697906545,
        "4": 0.8734638552963228
      },
      "hausdorff_distance": {
        "1": 46.68845302114659,
        "2": 47.503759616838494,
        "3": 21.32758412775724,
        "4": 103.63184749126653
      },
      "volumetric_similarity": {
        "1": 0.8059111445783133,
        "2": 0.9569320299473633,
        "3": 0.949041641477899,
        "4": 0.9574019221343789
      },
      "false_positive_rate": {
        "1": 8.563191190898522e-05,
        "2": 0.001138925817216217,
        "3": 3.091091327700257e-05,
        "4": 0.00036219475115471865
      },
      "false_negative_rate": {
        "1": 0.4833674917231594,
        "2": 0.05491826354097482,
        "3": 0.195100494010963,
        "4": 0.09979300213675214
      },
      "average_surface_distance": {
        "1": 2.225938449894741,
        "2": 4.14439271786278,
        "3": 0.9189490138830898,
        "4": 1.8473123875665034
      },
      "recall": {
        "1": 0.5166325082768406,
        "2": 0.9450817364590252,
        "3": 0.804899505989037,
        "4": 0.9002069978632479
      },
      "overall": {
        "dice_score": 0.886177908113392,
        "dice_score_2d": 0.7923302212277665,
        "false_positive_rate": 0.0015905091550554732,
        "false_negative_rate": 0.08590050738491074,
        "recall": 0.9140994926150893,
        "hausdorff_distance": 54.787911064252214,
        "volumetric_similarity": 0.9173216845344886,
        "average_surface_distance": 2.2841481423017784
      }
    },
    "Patient_17": {
      "dice_score": {
        "1": 0.5157786584470865,
        "2": 0.9201004228694021,
        "3": 0.7936137979256497,
        "4": 0.8048757044868714
      },
      "dice_score_2d": {
        "1": 0.6802034521361998,
        "2": 0.94153745725475,
        "3": 0.890490427890684,
        "4": 0.8396176933297959
      },
      "hausdorff_distance": {
        "1": 54.56584619623569,
        "2": 23.026670190474942,
        "3": 104.94006927635668,
        "4": 73.8733036302172
      },
      "volumetric_similarity": {
        "1": 0.9649200058711287,
        "2": 0.9736516300340639,
        "3": 0.8542904867342579,
        "4": 0.9782166105989777
      },
      "false_positive_rate": {
        "1": 0.0001626563613578873,
        "2": 0.00026926148782990974,
        "3": 1.7953545465468884e-05,
        "4": 0.00022824632885028764
      },
      "false_negative_rate": {
        "1": 0.4654700334651658,
        "2": 0.10352035449723608,
        "3": 0.3073167423882824,
        "4": 0.21228343224614754
      },
      "average_surface_distance": {
        "1": 3.661068826669985,
        "2": 2.579142761169612,
        "3": 2.235267863365351,
        "4": 2.9788809399172886
      },
      "recall": {
        "1": 0.5345299665348342,
        "2": 0.8964796455027639,
        "3": 0.6926832576117177,
        "4": 0.7877165677538525
      },
      "overall": {
        "dice_score": 0.8928117000857666,
        "dice_score_2d": 0.7822460721551651,
        "false_positive_rate": 0.0005537872234550078,
        "false_negative_rate": 0.13133879313962535,
        "recall": 0.8686612068603746,
        "hausdorff_distance": 64.10147232332113,
        "volumetric_similarity": 0.9427696833096071,
        "average_surface_distance": 2.863590097780559
      }
    },
    "Patient_18": {
      "dice_score": {
        "1": 0.3939310206234771,
        "2": 0.9138963631629199,
        "3": 0.8075579549063194,
        "4": 0.7952039228418213
      },
      "dice_score_2d": {
        "1": 0.6004531353770155,
        "2": 0.9365032194024072,
        "3": 0.9251704934003143,
        "4": 0.8530333387993443
      },
      "hausdorff_distance": {
        "1": 91.66279056014409,
        "2": 31.025262591633304,
        "3": 82.92552880296549,
        "4": 48.55381773432956
      },
      "volumetric_similarity": {
        "1": 0.8802029691778241,
        "2": 0.9753960994304715,
        "3": 0.9468402667513497,
        "4": 0.9133593811224432
      },
      "false_positive_rate": {
        "1": 0.00020185583489222943,
        "2": 0.0009756368925010627,
        "3": 4.5729637955974847e-05,
        "4": 0.00022044775081257994
      },
      "false_negative_rate": {
        "1": 0.6482121225716722,
        "2": 0.10804910789922975,
        "3": 0.2332046797732481,
        "4": 0.2681997074035153
      },
      "average_surface_distance": {
        "1": 4.8583320012045075,
        "2": 3.754307294205944,
        "3": 1.9250587365609846,
        "4": 2.7318433656859464
      },
      "recall": {
        "1": 0.3517878774283279,
        "2": 0.8919508921007703,
        "3": 0.7667953202267519,
        "4": 0.7318002925964847
      },
      "overall": {
        "dice_score": 0.897157652309497,
        "dice_score_2d": 0.8085597349433076,
        "false_positive_rate": 0.001284961104761467,
        "false_negative_rate": 0.13203051738053614,
        "recall": 0.8679694826194638,
        "hausdorff_distance": 63.541849922268106,
        "volumetric_similarity": 0.9289496791205222,
        "average_surface_distance": 3.3173853494143457
      }
    },
    "Patient_34": {
      "dice_score": {
        "1": 0.3985461810684719,
        "2": 0.9028485548094839,
        "3": 0.8307437663516472,
        "4": 0.7785001479978012
      },
      "dice_score_2d": {
        "1": 0.7529181215240719,
        "2": 0.9700150829096433,
        "3": 0.9246175078948413,
        "4": 0.8403374122898496
      },
      "hausdorff_distance": {
        "1": 57.1934966131403,
        "2": 70.25094160188547,
        "3": 60.51982071854926,
        "4": 84.24305128641763
      },
      "volumetric_similarity": {
        "1": 0.49353326886085636,
        "2": 0.9346648408063245,
        "3": 0.9444177478776229,
        "4": 0.9231257135608271
      },
      "false_positive_rate": {
        "1": 8.891626433665333e-05,
        "2": 0.0013769793113869867,
        "3": 4.231605109234841e-05,
        "4": 0.0005617549954498342
      },
      "false_negative_rate": {
        "1": 0.735443091552972,
        "2": 0.034040315424075485,
        "3": 0.2129994941831057,
        "4": 0.15666941505199028
      },
      "average_surface_distance": {
        "1": 4.369228254369813,
        "2": 2.940638759619138,
        "3": 1.5472584881759217,
        "4": 4.556865939843995
      },
      "recall": {
        "1": 0.26455690844702795,
        "2": 0.9659596845759245,
        "3": 0.7870005058168943,
        "4": 0.8433305849480097
      },
      "overall": {
        "dice_score": 0.879224337806506,
        "dice_score_2d": 0.8644397138023295,
        "false_positive_rate": 0.001618428467973867,
        "false_negative_rate": 0.10536667701246029,
        "recall": 0.8946333229875397,
        "hausdorff_distance": 68.05182755499817,
        "volumetric_similarity": 0.8239353927764077,
        "average_surface_distance": 3.353497860502217
      }
    },
    "Patient_39": {
      "dice_score": {
        "1": 0.5375469157379021,
        "2": 0.946306808693563,
        "3": 0.8405144694533762,
        "4": 0.8601278488924841
      },
      "dice_score_2d": {
        "1": 0.7615863946594942,
        "2": 0.9775982587651146,
        "3": 0.9373428002191241,
        "4": 0.8706138526819641
      },
      "hausdorff_distance": {
        "1": 69.81090618284733,
        "2": 33.147652189908186,
        "3": 54.8346647122198,
        "4": 51.67321919554897
      },
      "volumetric_similarity": {
        "1": 0.7240638340543792,
        "2": 0.9746482636468533,
        "3": 0.881600571632726,
        "4": 0.9519017128810123
      },
      "false_positive_rate": {
        "1": 5.4480119484693387e-05,
        "2": 0.0006184450476829325,