{
  "patients": {
    "Patient_07": {
      "dice_score": {
        "1": 0.5724192415730337,
        "2": 0.9324185570184539,
        "3": 0.8445637963322851,
        "4": 0.84630047862752
      },
      "dice_score_2d": {
        "1": 0.6220161004977696,
        "2": 0.8705353169318863,
        "3": 0.9322925101787424,
        "4": 0.8262135123566955
      },
      "hausdorff_distance": {
        "1": 54.67283062182829,
        "2": 60.470230723149534,
        "3": 27.6052164206842,
        "4": 63.65878699841347
      },
      "volumetric_similarity": {
        "1": 0.8864115168539326,
        "2": 0.9795808539548457,
        "3": 0.9557259460796438,
        "4": 0.9308994467811781
      },
      "false_positive_rate": {
        "1": 0.00015254250443149408,
        "2": 0.0007059596002010829,
        "3": 3.3533011437741405e-05,
        "4": 0.0004591970947552543
      },
      "false_negative_rate": {
        "1": 0.4859687844868359,
        "2": 0.048145384575437794,
        "3": 0.19124314813561616,
        "4": 0.09087873931623931
      },
      "average_surface_distance": {
        "1": 3.955382134394975,
        "2": 3.03339002464459,
        "3": 0.9658943870583196,
        "4": 2.579958437072426
      },
      "recall": {
        "1": 0.5140312155131641,
        "2": 0.9518546154245622,
        "3": 0.8087568518643838,
        "4": 0.9091212606837606
      },
      "overall": {
        "dice_score": 0.900774817637753,
        "dice_score_2d": 0.7343518806191535,
        "false_positive_rate": 0.0013221575819711855,
        "false_negative_rate": 0.07909437036678524,
        "recall": 0.9209056296332148,
        "hausdorff_distance": 51.60176619101887,
        "volumetric_similarity": 0.9381544409174,
        "average_surface_distance": 2.6336562457925776
      }
    },
    "Patient_17": {
      "dice_score": {
        "1": 0.528971665074817,
        "2": 0.9200091605808178,
        "3": 0.7945695724899833,
        "4": 0.8036273884467123
      },
      "dice_score_2d": {
        "1": 0.682692748777507,
        "2": 0.9143269830555065,
        "3": 0.8953354633216293,
        "4": 0.8492774089502256
      },
      "hausdorff_distance": {
        "1": 51.88375886686869,
        "2": 34.51047128690797,
        "3": 42.55503475474145,
        "4": 72.76069030622858
      },
      "volumetric_similarity": {
        "1": 0.9535179879019421,
        "2": 0.9663579982742946,
        "3": 0.8526860388221107,
        "4": 0.919012359373989
      },
      "false_positive_rate": {
        "1": 0.00012261292135146563,
        "2": 0.00023140272669469294,
        "3": 1.7171957058521455e-05,
        "4": 0.00014361178932902966
      },
      "false_negative_rate": {
        "1": 0.49452388195923336,
        "2": 0.10993442696327463,
        "3": 0.30745236319251373,
        "4": 0.2565804101318647
      },
      "average_surface_distance": {
        "1": 3.4646262471451106,
        "2": 2.7067836377916548,
        "3": 2.434818584380478,
        "4": 3.1611358849860385
      },
      "recall": {
        "1": 0.5054761180407666,
        "2": 0.8900655730367254,
        "3": 0.6925476368074863,
        "4": 0.7434195898681353
      },
      "overall": {
        "dice_score": 0.89408235089185,
        "dice_score_2d": 0.768596088538245,
        "false_positive_rate": 0.0003977445327485397,
        "false_negative_rate": 0.146698129957163,
        "recall": 0.853301870042837,
        "hausdorff_distance": 50.42748880368667,
        "volumetric_similarity": 0.922893596093084,
        "average_surface_distance": 2.9418410885758206
      }
    },
    "Patient_18": {
      "dice_score": {
        "1": 0.4182133135362534,
        "2": 0.8787910212134815,
        "3": 0.7958847736625514,
        "4": 0.7728883536900052
      },
      "dice_score_2d": {
        "1": 0.6134231968099061,
        "2": 0.9298023447046282,
        "3": 0.9179947061045305,
        "4": 0.8568061648741998
      },
      "hausdorff_distance": {
        "1": 82.23405907815271,
        "2": 63.415865189183755,
        "3": 77.378889429244,
        "4": 95.284452851432
      },
      "volumetric_similarity": {
        "1": 0.7742857928455553,
        "2": 0.9530525336240573,
        "3": 0.9501741057296613,
        "4": 0.8868398417340444
      },
      "false_positive_rate": {
        "1": 0.0001350363189303839,
        "2": 0.0011529483850693809,
        "3": 5.081765968933457e-05,
        "4": 0.00020753921281730094
      },
      "false_negative_rate": {
        "1": 0.658800305083225,
        "2": 0.16061593400148574,
        "3": 0.24188879507900132,
        "4": 0.305680904988564
      },
      "average_surface_distance": {
        "1": 4.528888289137823,
        "2": 6.2245601111290565,
        "3": 2.1601057304496845,
        "4": 3.5417423831509414
      },
      "recall": {
        "1": 0.3411996949167751,
        "2": 0.8393840659985142,
        "3": 0.7581112049209987,
        "4": 0.694319095011436
      },
      "overall": {
        "dice_score": 0.8641654689526174,
        "dice_score_2d": 0.8043115996525275,
        "false_positive_rate": 0.001420145250616386,
        "false_negative_rate": 0.18287399678706145,
        "recall": 0.8171260032129386,
        "hausdorff_distance": 79.57831663700311,
        "volumetric_similarity": 0.8910880684833296,
        "average_surface_distance": 4.113824128466876
      }
    },
    "Patient_34": {
      "dice_score": {
        "1": 0.3710577561166654,
        "2": 0.9049203705183446,
        "3": 0.8069467311062722,
        "4": 0.761075535807632
      },
      "dice_score_2d": {
        "1": 0.7368495223174797,
        "2": 0.9762073643130593,
        "3": 0.9087112198921972,
        "4": 0.8454593074505977
      },
      "hausdorff_distance": {
        "1": 58.6719723293057,
        "2": 65.19185276748487,
        "3": 46.58169426786274,
        "4": 86.91204237144233
      },
      "volumetric_similarity": {
        "1": 0.4578714330784043,
        "2": 0.9724717409076101,
        "3": 0.9500238993042647,
        "4": 0.950993204391009
      },
      "false_positive_rate": {
        "1": 7.938596883044233e-05,
        "2": 0.0009986359171659262,
        "3": 5.354600358984811e-05,
        "4": 0.000526208691751928
      },
      "false_negative_rate": {
        "1": 0.7593859785261792,
        "2": 0.06946358186842498,
        "3": 0.23146181082448153,
        "4": 0.19970454857771058
      },
      "average_surface_distance": {
        "1": 4.368495012237251,
        "2": 3.143511714399498,
        "3": 2.090558530799284,
        "4": 5.7525220409614235
      },
      "recall": {
        "1": 0.24061402147382085,
        "2": 0.9305364181315751,
        "3": 0.7685381891755184,
        "4": 0.8002954514222894
      },
      "overall": {
        "dice_score": 0.8864595333909657,
        "dice_score_2d": 0.8368950431685672,
        "false_positive_rate": 0.0010812500932008199,
        "false_negative_rate": 0.1292462798734791,
        "recall": 0.870753720126521,
        "hausdorff_distance": 64.33939043402391,
        "volumetric_similarity": 0.8328400694203221,
        "average_surface_distance": 3.8387718245993643
      }
    },
    "Patient_39": {
      "dice_score": {
        "1": 0.5720795462988187,
        "2": 0.9413050647613102,
        "3": 0.8462242240833274,
        "4": 0.8631488631488632
      },
      "dice_score_2d": {
        "1": 0.7733643746431758,
        "2": 0.9769308638361285,
        "3": 0.9433209061326785,
        "4": 0.8851363958442815
      },
      "hausdorff_distance": {
        "1": 168.89815436484665,
        "2": 27.282337285034345,
        "3": 167.70476093665414,
        "4": 125.75361740339346
      },
      "volumetric_similarity": {
        "1": 0.8970999777111865,
        "2": 0.9978083841713938,
        "3": 0.8683228939404602,
        "4": 0.9686519566037638
      },
      "false_positive_rate": {
        "1": 0.00010983058189203011,
        "2": 0.00046531735255415495,