{
  "patients": {
    "Patient_07": {
      "dice_score": {
        "1": 0.45478537994223683,
        "2": 0.9188792234985391,
        "3": 0.8075093128757422,
        "4": 0.8320402176685656
      },
      "dice_score_2d": {
        "1": 0.5286572500687164,
        "2": 0.933397807653528,
        "3": 0.8641135291571823,
        "4": 0.8087221727846856
      },
      "hausdorff_distance": {
        "1": 48.182860154782354,
        "2": 23.93768613259879,
        "3": 131.9653885287019,
        "4": 94.54003639435153
      },
      "volumetric_similarity": {
        "1": 0.7365800219101684,
        "2": 0.9484032944402369,
        "3": 0.9099693873787482,
        "4": 0.9550208315619421
      },
      "false_positive_rate": {
        "1": 0.0001206650870251363,
        "2": 0.00022062848403509564,
        "3": 2.9610523132245906e-05,
        "4": 0.0004277882355352702
      },
      "false_negative_rate": {
        "1": 0.6400362604445846,
        "2": 0.12620568451722056,
        "3": 0.2591865737294444,
        "4": 0.128772702991453
      },
      "average_surface_distance": {
        "1": 4.342874016746302,
        "2": 2.663002138515683,
        "3": 1.538230741735831,
        "4": 2.5971469839918706
      },
      "recall": {
        "1": 0.35996373955541544,
        "2": 0.8737943154827794,
        "3": 0.7408134262705556,
        "4": 0.8712272970085471
      },
      "overall": {
        "dice_score": 0.8890582492021377,
        "dice_score_2d": 0.7192102988035273,
        "false_positive_rate": 0.0007008501353711885,
        "false_negative_rate": 0.1472122062773758,
        "recall": 0.8527877937226243,
        "hausdorff_distance": 74.65649280260865,
        "volumetric_similarity": 0.8874933838227739,
        "average_surface_distance": 2.785313470247422
      }
    },
    "Patient_17": {
      "dice_score": {
        "1": 0.5328538738149722,
        "2": 0.9212288687344761,
        "3": 0.7093424201857936,
        "4": 0.779275797910405
      },
      "dice_score_2d": {
        "1": 0.6751919636612386,
        "2": 0.9301778751773454,
        "3": 0.83544405097798,
        "4": 0.8243966986452749
      },
      "hausdorff_distance": {
        "1": 52.74139975983972,
        "2": 29.405420548561917,
        "3": 124.56032095679251,
        "4": 64.7524226563474
      },
      "volumetric_similarity": {
        "1": 0.9254658385093167,
        "2": 0.9845857374325925,
        "3": 0.803537381850635,
        "4": 0.8842326224893851
      },
      "false_positive_rate": {
        "1": 0.00011042978518418465,
        "2": 0.00032199580855699935,
        "3": 2.66889453078225e-05,
        "4": 0.00012656062190508942
      },
      "false_negative_rate": {
        "1": 0.504107088530575,
        "2": 0.0927556341337869,
        "3": 0.40713365430257004,
        "4": 0.30157861430843697
      },
      "average_surface_distance": {
        "1": 3.6986836747286684,
        "2": 2.931746580613995,
        "3": 5.5777074681856185,
        "4": 3.362358168586252
      },
      "recall": {
        "1": 0.495892911469425,
        "2": 0.9072443658662132,
        "3": 0.59286634569743,
        "4": 0.6984213856915631
      },
      "overall": {
        "dice_score": 0.8823906730081232,
        "dice_score_2d": 0.7210151133861924,
        "false_positive_rate": 0.0005123579122173072,
        "false_negative_rate": 0.1540453032645854,
        "recall": 0.8459546967354146,
        "hausdorff_distance": 67.86489098038538,
        "volumetric_similarity": 0.8994553950704822,
        "average_surface_distance": 3.892623973028633
      }
    },
    "Patient_18": {
      "dice_score": {
        "1": 0.3174050065336032,
        "2": 0.8812194567172821,
        "3": 0.7558813263525306,
        "4": 0.7628024605462236
      },
      "dice_score_2d": {
        "1": 0.5286799146531493,
        "2": 0.9165684834217782,
        "3": 0.9124015798753001,
        "4": 0.8479440821146904
      },
      "hausdorff_distance": {
        "1": 123.44198542908106,
        "2": 33.551659486278126,
        "3": 71.68771488341442,
        "4": 158.45602973246713
      },
      "volumetric_similarity": {
        "1": 0.857823669579031,
        "2": 0.9422598410543076,
        "3": 0.8424432809773125,
        "4": 0.9280720935626015
      },
      "false_positive_rate": {
        "1": 0.00021993714585943298,
        "2": 0.0009380138087733049,
        "3": 2.585715962854939e-05,
        "4": 0.00031258296294393205
      },
      "false_negative_rate": {
        "1": 0.7221050742518731,
        "2": 0.16688475022481722,
        "3": 0.34700277409238933,
        "4": 0.2883826832333972
      },
      "average_surface_distance": {
        "1": 5.400812228861476,
        "2": 6.089952053053589,
        "3": 2.3707344145649047,
        "4": 3.525845498048411
      },
      "recall": {
        "1": 0.27789492574812685,
        "2": 0.8331152497751828,
        "3": 0.6529972259076107,
        "4": 0.7116173167666028
      },
      "overall": {
        "dice_score": 0.8643688143060637,
        "dice_score_2d": 0.7925726689094972,
        "false_positive_rate": 0.0013135785877830882,
        "false_negative_rate": 0.18676229458284388,
        "recall": 0.8132377054171561,
        "hausdorff_distance": 96.78434738281018,
        "volumetric_similarity": 0.8926497212933131,
        "average_surface_distance": 4.346836048632095
      }
    },
    "Patient_34": {
      "dice_score": {
        "1": 0.3431816437725424,
        "2": 0.8975779596840391,
        "3": 0.7480187424075895,
        "4": 0.7549049788613882
      },
      "dice_score_2d": {
        "1": 0.7264920179974387,
        "2": 0.9622820768044941,
        "3": 0.895714839984998,
        "4": 0.8621883340753541
      },
      "hausdorff_distance": {
        "1": 51.17136223732827,
        "2": 62.37831682059114,
        "3": 120.22819335221398,
        "4": 90.94806003950912
      },
      "volumetric_similarity": {
        "1": 0.44596950129909996,
        "2": 0.9451847745176172,
        "3": 0.8563660554173657,
        "4": 0.8960719123260683
      },
      "false_positive_rate": {
        "1": 9.327353931757234e-05,
        "2": 0.0013176635259806043,
        "3": 3.722778942976448e-05,
        "4": 0.0006769520871651094
      },
      "false_negative_rate": {
        "1": 0.7791667254539555,
        "2": 0.05036773350255732,
        "3": 0.3459281740010116,
        "4": 0.1575397370711374
      },
      "average_surface_distance": {
        "1": 4.461424336465333,
        "2": 3.3000930943255637,
        "3": 2.8725396655982234,
        "4": 4.273771165579317
      },
      "recall": {
        "1": 0.22083327454604457,
        "2": 0.9496322664974427,
        "3": 0.6540718259989884,
        "4": 0.8424602629288627
      },
      "overall": {
        "dice_score": 0.8845766451227245,
        "dice_score_2d": 0.8619905987823245,
        "false_positive_rate": 0.0014494913054035414,
        "false_negative_rate": 0.10722543251810804,
        "recall": 0.892774567481892,
        "hausdorff_distance": 81.18148311241063,
        "volumetric_similarity": 0.7858980608900379,
        "average_surface_distance": 3.7269570654921096
      }
    },
    "Patient_39": {
      "dice_score": {
        "1": 0.5083890365359319,
        "2": 0.9417836289857419,
        "3": 0.8540096978739277,
        "4": 0.8512119043016202
      },
      "dice_score_2d": {
        "1": 0.7461307385035996,
        "2": 0.9650468645729676,
        "3": 0.9460776264229229,
        "4": 0.8573590248927201
      },
      "hausdorff_distance": {
        "1": 113.24687139976953,
        "2": 26.84579172241201,
        "3": 30.839635696337474,
        "4": 41.03162634299989
      },
      "volumetric_similarity": {
        "1": 0.804488470108185,
        "2": 0.9828410290660218,
        "3": 0.9204028347631481,
        "4": 0.9574435846661059
      },
      "false_positive_rate": {
        "1": 9.23065618918845e-05,
        "2": 0.0003078063919036905,